Gene name	Accession Number	Gene CDS length	HGNC ID	Sample name	ID_sample	ID_tumour	Primary site	Site subtype 1	Site subtype 2	Site subtype 3	Primary histology	Histology subtype 1	Histology subtype 2	Histology subtype 3	Genome-wide screen	GENOMIC_MUTATION_ID	LEGACY_MUTATION_ID	MUTATION_ID	Mutation CDS	Mutation AA	Mutation Description	Mutation zygosity	LOH	GRCh	Mutation genome position	Mutation strand	Resistance Mutation	FATHMM prediction	FATHMM score	Mutation somatic status	Pubmed_PMID	ID_STUDY	Sample Type	Tumour origin	Age	HGVSP	HGVSC	HGVSG
NCOR2_ENST00000404621	ENST00000404621.5	7377	7673	H_LV-3191-1316068	2768005	2626224	breast	NS	NS	NS	carcinoma	ER-positive_carcinoma	NS	NS	n	COSV100658142	COSM7344795	119141784	c.4757C>T	p.P1586L	Substitution - Missense			38	12:124343154-124343154	-	-	PATHOGENIC	.99472	Variant of unknown origin	30181556		surgery-fixed	NS		ENSP00000384202.1:p.Pro1586Leu	ENST00000404621.5:c.4757C>T	12:g.124343154G>A
NCOR2_ENST00000404621	ENST00000404621.5	7377	7673	H_KU-1183-1183_C_core	2768803	2627022	breast	NS	NS	NS	carcinoma	NS	NS	NS	n	COSV100658170	COSM7344824	119144850	c.4694C>T	p.S1565L	Substitution - Missense			38	12:124343217-124343217	-	-		.62938	Variant of unknown origin	30181556		surgery-fixed	NS		ENSP00000384202.1:p.Ser1565Leu	ENST00000404621.5:c.4694C>T	12:g.124343217G>A
NCOR2_ENST00000404621	ENST00000404621.5	7377	7673	JJN3	2809765	2666435	haematopoietic_and_lymphoid_tissue	NS	NS	NS	lymphoid_neoplasm	plasma_cell_myeloma	NS	NS	y	COSV100658203	COSM9159428	119169271	c.4581G>C	p.R1527=	Substitution - coding silent	het		38	12:124344700-124344700	-	-	NEUTRAL	.26518	Variant of unknown origin	30545397		cell-line	NS		ENSP00000384202.1:p.Arg1527=	ENST00000404621.5:c.4581G>C	12:g.124344700C>G
NCOR2_ENST00000404621	ENST00000404621.5	7377	7673	TCGA-91-6848-01	1914095	1802377	lung	right_upper_lobe	NS	NS	carcinoma	adenocarcinoma	NS	NS	y	COSV62305392	COSM6135973	119152254	c.696C>G	p.D232E	Substitution - Missense			38	12:124466182-124466182	-	-	PATHOGENIC	.73271	Variant of unknown origin		417	fresh/frozen - NOS	primary	59	ENSP00000384202.1:p.Asp232Glu	ENST00000404621.5:c.696C>G	12:g.124466182G>C
NCOR2_ENST00000404621	ENST00000404621.5	7377	7673	HCC56T	1919216	1806537	liver	NS	NS	NS	carcinoma	NS	NS	NS	y	COSV62298526	COSN1143969	119151197	c.882+2221G>T	p.?	Unknown	het		38	12:124435709-124435709	-	-	NEUTRAL	.01336	Variant of unknown origin		323	fresh/frozen - NOS	primary			ENST00000404621.5:c.882+2221G>T	12:g.124435709C>A
NCOR2_ENST00000404621	ENST00000404621.5	7377	7673	HCC56T	1919216	1806537	liver	NS	NS	NS	carcinoma	NS	NS	NS	y	COSV62298521	COSN1143960	119151191	c.1480-7705G>T	p.?	Unknown	het		38	12:124410266-124410266	-	-	NEUTRAL	.15031	Variant of unknown origin		323	fresh/frozen - NOS	primary			ENST00000404621.5:c.1480-7705G>T	12:g.124410266C>A
NCOR2_ENST00000404621	ENST00000404621.5	7377	7673	TCGA-78-7220-01	1914070	1802352	lung	right_upper_lobe	NS	NS	carcinoma	adenocarcinoma	NS	NS	y	COSV62304035	COSM6135994	119151933	c.7015+134G>T	p.?	Unknown			38	12:124327413-124327413	-	-	PATHOGENIC	.94688	Variant of unknown origin		417	fresh/frozen - NOS	primary	53		ENST00000404621.5:c.7015+134G>T	12:g.124327413C>A
NCOR2_ENST00000404621	ENST00000404621.5	7377	7673	H_LV-3334-1316090	2768135	2626354	breast	NS	NS	NS	carcinoma	ER-positive_carcinoma	NS	NS	n	COSV100657392	COSM7344803	119156537	c.644C>G	p.S215*	Substitution - Nonsense			38	12:124466234-124466234	-	-	PATHOGENIC	.9294	Variant of unknown origin	30181556		surgery-fixed	NS		ENSP00000384202.1:p.Ser215Ter	ENST00000404621.5:c.644C>G	12:g.124466234G>C
NCOR2_ENST00000404621	ENST00000404621.5	7377	7673	2760226	2760226	2618759	haematopoietic_and_lymphoid_tissue	skin	NS	NS	lymphoid_neoplasm	marginal_zone_lymphoma	NS	NS	n	COSV100658182	COSM7448260	119156534	c.4025G>A	p.R1342H	Substitution - Missense			38	12:124347842-124347842	-	-	PATHOGENIC	.90369	Variant of unknown origin	29481902		surgery-fixed	primary		ENSP00000384202.1:p.Arg1342His	ENST00000404621.5:c.4025G>A	12:g.124347842C>T
NCOR2_ENST00000404621	ENST00000404621.5	7377	7673	H_KU-1024-1024	2768442	2626661	breast	NS	NS	NS	carcinoma	hormone_receptor-positive_carcinoma	NS	NS	n	COSV100657887	COSM7344826	119148674	c.4141C>T	p.R1381W	Substitution - Missense			38	12:124346752-124346752	-	-		.69956	Variant of unknown origin	30181556		surgery-fixed	NS		ENSP00000384202.1:p.Arg1381Trp	ENST00000404621.5:c.4141C>T	12:g.124346752G>A
NCOR2_ENST00000404621	ENST00000404621.5	7377	7673	TCGA-50-5946-02	1914125	1802407	lung	right_upper_lobe	NS	NS	carcinoma	adenocarcinoma	NS	NS	y	COSV62294767	COSM6135986	119153053	c.5156_5157delinsTT	p.R1719L	Substitution - Missense			38	12:124341824-124341825	-	-			Variant of unknown origin		417	NS	NS	62	ENSP00000384202.1:p.Arg1719Leu	ENST00000404621.5:c.5156_5157delinsTT	12:g.124341824_124341825delinsAA
NCOR2_ENST00000404621	ENST00000404621.5	7377	7673	TCGA-D1-A15X-01	1783497	1687496	endometrium	NS	NS	NS	carcinoma	endometrioid_carcinoma	NS	NS	y	COSV62299174	COSM936697	119159233	c.6597G>A	p.T2199=	Substitution - coding silent	het		38	12:124333258-124333258	-	-	NEUTRAL	.04287	Variant of unknown origin		419	fresh/frozen - NOS	primary	45	ENSP00000384202.1:p.Thr2199=	ENST00000404621.5:c.6597G>A	12:g.124333258C>T
NCOR2_ENST00000404621	ENST00000404621.5	7377	7673	20	2557202	2418627	upper_aerodigestive_tract	mouth	NS	NS	carcinoma	squamous_cell_carcinoma	NS	NS	y	COSV62299703	COSM5970582	119158371	c.5349G>A	p.S1783=	Substitution - coding silent			38	12:124340403-124340403	-	-	NEUTRAL	.03998	Variant of unknown origin	26934577		surgery fresh/frozen	NS		ENSP00000384202.1:p.Ser1783=	ENST00000404621.5:c.5349G>A	12:g.124340403C>T
NCOR2_ENST00000404621	ENST00000404621.5	7377	7673	LIM2551	2301995	2167278	large_intestine	colon	right	NS	carcinoma	adenocarcinoma	NS	NS	y	COSV62302401	COSM4643665	119162760	c.1167C>A	p.R389=	Substitution - coding silent	het		38	12:124426780-124426780	-	-	NEUTRAL	.13753	Variant of unknown origin	24755471		cell-line	NS		ENSP00000384202.1:p.Arg389=	ENST00000404621.5:c.1167C>A	12:g.124426780G>T
NCOR2_ENST00000404621	ENST00000404621.5	7377	7673	LIM2551	2301995	2167278	large_intestine	colon	right	NS	carcinoma	adenocarcinoma	NS	NS	y	COSV62302393	COSM4613844	119162746	c.6448del	p.L2150Sfs*69	Deletion - Frameshift	het		38	12:124334556-124334556	-	-			Variant of unknown origin	24755471		cell-line	NS		ENSP00000384202.1:p.Leu2150SerfsTer69	ENST00000404621.5:c.6448del	12:g.124334556del
NCOR2_ENST00000404621	ENST00000404621.5	7377	7673	XG5	2809771	2666441	haematopoietic_and_lymphoid_tissue	NS	NS	NS	lymphoid_neoplasm	plasma_cell_myeloma	NS	NS	y	COSV100657180	COSM9164294	119163228	c.3081C>T	p.A1027=	Substitution - coding silent	het		38	12:124356772-124356772	-	-	NEUTRAL	.01748	Variant of unknown origin	30545397		cell-line	NS		ENSP00000384202.1:p.Ala1027=	ENST00000404621.5:c.3081C>T	12:g.124356772G>A
NCOR2_ENST00000404621	ENST00000404621.5	7377	7673	SLN2392	2814506	2670895	haematopoietic_and_lymphoid_tissue	NS	NS	NS	lymphoid_neoplasm	Burkitt_lymphoma	sporadic_type	NS	y	COSV100658000	COSM7344827	119149710	c.3512C>T	p.P1171L	Substitution - Missense			38	12:124354525-124354525	-	-	PATHOGENIC	.8641	Variant of unknown origin	22885699		surgery - NOS	primary		ENSP00000384202.1:p.Pro1171Leu	ENST00000404621.5:c.3512C>T	12:g.124354525G>A
NCOR2_ENST00000404621	ENST00000404621.5	7377	7673	SLN2392	2814506	2670895	haematopoietic_and_lymphoid_tissue	NS	NS	NS	lymphoid_neoplasm	Burkitt_lymphoma	sporadic_type	NS	y	COSV104422104	COSM9213752	119149722	c.967C>T	p.R323W	Substitution - Missense			38	12:124430703-124430703	-	-	PATHOGENIC	.89079	Variant of unknown origin	22885699		surgery - NOS	primary		ENSP00000384202.1:p.Arg323Trp	ENST00000404621.5:c.967C>T	12:g.124430703G>A
NCOR2_ENST00000404621	ENST00000404621.5	7377	7673	2834138	2834138	2689922	skin	mucosal	female_genital_tract_(site_indeterminate)	NS	malignant_melanoma	NS	NS	NS	y	COSV104662770	COSM9341396	119142138	c.7190C>A	p.S2397Y	Substitution - Missense			38	12:124326196-124326196	-	-	PATHOGENIC	.97053	Variant of unknown origin	28296713		surgery - NOS	primary	76	ENSP00000384202.1:p.Ser2397Tyr	ENST00000404621.5:c.7190C>A	12:g.124326196G>T
NCOR2_ENST00000404621	ENST00000404621.5	7377	7673	H_KU-1029-1029_2_core	2768695	2626914	breast	NS	NS	NS	carcinoma	hormone_receptor-positive_carcinoma	NS	NS	n	COSV100657888	COSM7344820	119154392	c.5230G>T	p.A1744S	Substitution - Missense			38	12:124340680-124340680	-	-		.5126	Variant of unknown origin	30181556		surgery-fixed	NS		ENSP00000384202.1:p.Ala1744Ser	ENST00000404621.5:c.5230G>T	12:g.124340680C>A
NCOR2_ENST00000404621	ENST00000404621.5	7377	7673	2834134	2834134	2689918	skin	mucosal	female_genital_tract_(site_indeterminate)	NS	malignant_melanoma	NS	NS	NS	y	COSV104662746	COSM9336449	119154522	c.6296G>T	p.S2099I	Substitution - Missense			38	12:124335220-124335220	-	-	PATHOGENIC	.83134	Variant of unknown origin	28296713		surgery - NOS	NS	49	ENSP00000384202.1:p.Ser2099Ile	ENST00000404621.5:c.6296G>T	12:g.124335220C>A
NCOR2_ENST00000404621	ENST00000404621.5	7377	7673	TCGA-D1-A15X-01	1783497	1687496	endometrium	NS	NS	NS	carcinoma	endometrioid_carcinoma	NS	NS	y	COSV62299177	COSM936698	119159237	c.6490C>T	p.R2164C	Substitution - Missense	het		38	12:124334509-124334509	-	-	PATHOGENIC	.84354	Variant of unknown origin		419	fresh/frozen - NOS	primary	45	ENSP00000384202.1:p.Arg2164Cys	ENST00000404621.5:c.6490C>T	12:g.124334509G>A
NCOR2_ENST00000404621	ENST00000404621.5	7377	7673	TCGA-78-7542-01	1914076	1802358	lung	right_upper_lobe	NS	NS	carcinoma	adenocarcinoma	NS	NS	y	COSV62301594	COSM6135993	119165487	c.6614G>T	p.G2205V	Substitution - Missense			38	12:124333241-124333241	-	-	NEUTRAL	.27342	Variant of unknown origin		417	fresh/frozen - NOS	primary	56	ENSP00000384202.1:p.Gly2205Val	ENST00000404621.5:c.6614G>T	12:g.124333241C>A
NCOR2_ENST00000404621	ENST00000404621.5	7377	7673	HCC95T	1919252	1806573	liver	NS	NS	NS	carcinoma	NS	NS	NS	y	COSV62295314	COSN1143971	119170635	c.816-2664C>A	p.?	Unknown	het		38	12:124440660-124440660	-	-	NEUTRAL	.00593	Variant of unknown origin		323	fresh/frozen - NOS	primary			ENST00000404621.5:c.816-2664C>A	12:g.124440660G>T
NCOR2_ENST00000404621	ENST00000404621.5	7377	7673	LS411	2301999	2167282	large_intestine	colon	right	NS	carcinoma	adenocarcinoma	NS	NS	y	COSV62297075	COSM2227026	119149658	c.3388C>T	p.H1130Y	Substitution - Missense	het		38	12:124354903-124354903	-	-	PATHOGENIC	.87991	Variant of unknown origin	24755471		cell-line	NS		ENSP00000384202.1:p.His1130Tyr	ENST00000404621.5:c.3388C>T	12:g.124354903G>A
NCOR2_ENST00000404621	ENST00000404621.5	7377	7673	H969	2776332	2634468	lung	NS	NS	NS	carcinoma	adenocarcinoma	NS	NS	y	COSV99050103	COSM7351967	119169652	c.1480-1G>A	p.?	Unknown			38	12:124402562-124402562	-	-	PATHOGENIC	.79596	Variant of unknown origin	29681454		NS	NS	66		ENST00000404621.5:c.1480-1G>A	12:g.124402562C>T
NCOR2_ENST00000404621	ENST00000404621.5	7377	7673	HCC2374	2776342	2634478	lung	NS	NS	NS	carcinoma	large_cell_neuroendocrine_carcinoma	NS	NS	y	COSV99050104	COSM7379178	119151452	c.7109C>G	p.S2370C	Substitution - Missense			38	12:124326277-124326277	-	-	PATHOGENIC	.98668	Variant of unknown origin	29681454		NS	NS	69	ENSP00000384202.1:p.Ser2370Cys	ENST00000404621.5:c.7109C>G	12:g.124326277G>C
NCOR2_ENST00000404621	ENST00000404621.5	7377	7673	N6	2819811	2676110	haematopoietic_and_lymphoid_tissue	lymph_node	NS	NS	lymphoid_neoplasm	marginal_zone_lymphoma	NS	NS	y	COSV104422101	COSM9264564	119152103	c.4540C>T	p.R1514C	Substitution - Missense			38	12:124344741-124344741	-	-	PATHOGENIC	.90297	Variant of unknown origin	29556019		surgery fresh/frozen	NS	81	ENSP00000384202.1:p.Arg1514Cys	ENST00000404621.5:c.4540C>T	12:g.124344741G>A
NCOR2_ENST00000404621	ENST00000404621.5	7377	7673	LS411	2301999	2167282	large_intestine	colon	right	NS	carcinoma	adenocarcinoma	NS	NS	y	COSV62297066	COSM2226962	119149650	c.4790C>A	p.P1597H	Substitution - Missense	het		38	12:124343121-124343121	-	-	PATHOGENIC	.98686	Variant of unknown origin	24755471		cell-line	NS		ENSP00000384202.1:p.Pro1597His	ENST00000404621.5:c.4790C>A	12:g.124343121G>T
NCOR2_ENST00000404621	ENST00000404621.5	7377	7673	22287_R1	2823428	2679281	breast	NS	NS	NS	carcinoma	ductal_carcinoma	NS	NS	n	COSV104662751	COSM9277674	119157395	c.6353G>T	p.R2118L	Substitution - Missense			38	12:124335163-124335163	-	-	PATHOGENIC	.94695	Variant of unknown origin	31854063		surgery fresh/frozen	primary	60	ENSP00000384202.1:p.Arg2118Leu	ENST00000404621.5:c.6353G>T	12:g.124335163C>A
NCOR2_ENST00000404621	ENST00000404621.5	7377	7673	H_KU-10610-10610_A2_core	2768768	2626987	breast	NS	NS	NS	carcinoma	NS	NS	NS	n	COSV100657081	COSM7344832	119146834	c.2356G>A	p.G786R	Substitution - Missense			38	12:124372419-124372419	-	-	NEUTRAL	.0893	Variant of unknown origin	30181556		surgery-fixed	NS		ENSP00000384202.1:p.Gly786Arg	ENST00000404621.5:c.2356G>A	12:g.124372419C>T
NCOR2_ENST00000404621	ENST00000404621.5	7377	7673	H_LV-4165-1316235	2768048	2626267	breast	NS	NS	NS	carcinoma	ER-positive_carcinoma	NS	NS	n	COSV100658044	COSM7345270	119163719	c.617dup	p.P207Afs*5	Insertion - Frameshift			38	12:124466262-124466263	-	-			Variant of unknown origin	30181556		surgery-fixed	NS		ENSP00000384202.1:p.Pro207AlafsTer5	ENST00000404621.5:c.617dup	12:g.124466262dup
NCOR2_ENST00000404621	ENST00000404621.5	7377	7673	RK035_C01	1918828	1806149	liver	NS	NS	NS	carcinoma	NS	NS	NS	y	COSV62300361	COSN1560860	119154065	c.2754-642A>G	p.?	Unknown	het		38	12:124364441-124364441	-	-	NEUTRAL	.00849	Variant of unknown origin		322	fresh/frozen - NOS	primary			ENST00000404621.5:c.2754-642A>G	12:g.124364441T>C
SELP_ENST00000458599	ENST00000458599.6	1941	10721	TCGA-A3-3365-01	1779789	1683788	kidney	NS	NS	NS	carcinoma	clear_cell_renal_cell_carcinoma	NS	NS	y	COSV55252066	COSM1491787	133382373	c.1403C>G	p.T468S	Substitution - Missense			38	1:169596071-169596071	-	-	PATHOGENIC	.98904	Variant of unknown origin		416	fresh/frozen - NOS	primary	46	ENSP00000399368.2:p.Thr468Ser	ENST00000458599.6:c.1403C>G	1:g.169596071G>C
SELP_ENST00000458599	ENST00000458599.6	1941	10721	587226	1766750	1671070	large_intestine	colon	NS	NS	carcinoma	adenocarcinoma	NS	NS	y	COSV55249940	COSM1225123	133385704	c.1415G>T	p.R472M	Substitution - Missense			38	1:169596059-169596059	-	-	PATHOGENIC	.96755	Variant of unknown origin	22895193		surgery fresh/frozen	primary		ENSP00000399368.2:p.Arg472Met	ENST00000458599.6:c.1415G>T	1:g.169596059C>A
SELP_ENST00000458599	ENST00000458599.6	1941	10721	TCGA-44-2657-01	1780102	1684101	lung	NS	NS	NS	carcinoma	adenocarcinoma	NS	NS	y	COSV55250219	COSM6059154	133379516	c.1340-872C>A	p.?	Unknown			38	1:169597006-169597006	-	-	NEUTRAL	.0998	Variant of unknown origin		417	fresh/frozen - NOS	primary	74		ENST00000458599.6:c.1340-872C>A	1:g.169597006G>T
SELP_ENST00000458599	ENST00000458599.6	1941	10721	PD36792a	2894864	2749352	skin	head_neck	NS	NS	malignant_melanoma	NS	NS	NS	y	COSV105049803	COSM9875800	133374562	c.961+560G>A	p.?	Unknown			38	1:169611657-169611657	-	-	NEUTRAL	.02571	Variant of unknown origin	33024263		surgery-fixed	metastasis	72		ENST00000458599.6:c.961+560G>A	1:g.169611657C>T
SELP_ENST00000458599	ENST00000458599.6	1941	10721	LUAD-AEIUF	1765089	1669409	lung	NS	NS	NS	carcinoma	adenocarcinoma	NS	NS	y	COSV55247993	COSM392929	133386207	c.149C>A	p.A50E	Substitution - Missense			38	1:169617360-169617360	-	-	NEUTRAL	.13869	Variant of unknown origin	22980975		surgery - NOS	primary	60	ENSP00000399368.2:p.Ala50Glu	ENST00000458599.6:c.149C>A	1:g.169617360G>T
SELP_ENST00000458599	ENST00000458599.6	1941	10721	RMS111	2355921	2219704	soft_tissue	striated_muscle	pelvis	NS	rhabdomyosarcoma	alveolar	NS	NS	y	COSV55257865	COSM4987483	133380252	c.86T>C	p.L29P	Substitution - Missense			38	1:169619137-169619137	-	-	NEUTRAL	.36049	Variant of unknown origin	24793135		surgery fresh/frozen	primary	5	ENSP00000399368.2:p.Leu29Pro	ENST00000458599.6:c.86T>C	1:g.169619137A>G
SELP_ENST00000458599	ENST00000458599.6	1941	10721	RK069_C01	1918855	1806176	liver	NS	NS	NS	carcinoma	NS	NS	NS	y	COSV55255797	COSN1412395	133385291	c.1147+28G>A	p.?	Unknown	het		38	1:169609476-169609476	-	-	NEUTRAL	.05524	Variant of unknown origin		322	fresh/frozen - NOS	primary			ENST00000458599.6:c.1147+28G>A	1:g.169609476C>T
SELP_ENST00000458599	ENST00000458599.6	1941	10721	TCGA-44-7670-01	1913986	1802268	lung	right_upper_lobe	NS	NS	carcinoma	adenocarcinoma	NS	NS	y	COSV55251880	COSM6122282	133378478	c.534C>A	p.I178=	Substitution - coding silent			38	1:169613641-169613641	-	-	NEUTRAL	.04045	Variant of unknown origin		417	fresh/frozen - NOS	primary	47	ENSP00000399368.2:p.Ile178=	ENST00000458599.6:c.534C>A	1:g.169613641G>T
SELP_ENST00000458599	ENST00000458599.6	1941	10721	HN_62756	1560566	1482016	upper_aerodigestive_tract	mouth	NS	NS	carcinoma	squamous_cell_carcinoma	NS	NS	y	COSV55256313	COSM126069	133385229	c.1793C>A	p.T598K	Substitution - Missense			38	1:169593667-169593667	-	-	NEUTRAL	.05407	Variant of unknown origin	21798893		surgery fresh/frozen	primary		ENSP00000399368.2:p.Thr598Lys	ENST00000458599.6:c.1793C>A	1:g.169593667G>T
SELP_ENST00000458599	ENST00000458599.6	1941	10721	LUAD-RT-S01777	1765251	1669571	lung	NS	NS	NS	carcinoma	adenocarcinoma	NS	NS	y	COSV55255891	COSM381753	133378410	c.424_425delinsAA	p.P142N	Substitution - Missense			38	1:169617084-169617085	-	-			Variant of unknown origin	22980975		surgery - NOS	primary	62	ENSP00000399368.2:p.Pro142Asn	ENST00000458599.6:c.424_425delinsAA	1:g.169617084_169617085delinsTT
SELP_ENST00000458599	ENST00000458599.6	1941	10721	RK006_C02	1918806	1806127	liver	NS	NS	NS	carcinoma	NS	NS	NS	y	COSV55259742	COSN1412406	133375660	c.3+3889A>G	p.?	Unknown	het		38	1:169626183-169626183	-	-	NEUTRAL	.01001	Variant of unknown origin		322	fresh/frozen - NOS	primary			ENST00000458599.6:c.3+3889A>G	1:g.169626183T>C
SELP_ENST00000458599	ENST00000458599.6	1941	10721	LUAD-RT-S01703	1765187	1669507	lung	NS	NS	NS	carcinoma	adenocarcinoma	NS	NS	y	COSV55251843	COSM379536	133378471	c.1809G>T	p.M603I	Substitution - Missense			38	1:169593651-169593651	-	-	NEUTRAL	.04115	Variant of unknown origin	22980975		surgery - NOS	primary	54	ENSP00000399368.2:p.Met603Ile	ENST00000458599.6:c.1809G>T	1:g.169593651C>A
SELP_ENST00000458599	ENST00000458599.6	1941	10721	TCGA-05-4396-01	1780058	1684057	lung	NS	NS	NS	carcinoma	adenocarcinoma	NS	NS	y	COSV55259264	COSM6059144	133375448	c.380A>G	p.N127S	Substitution - Missense			38	1:169617129-169617129	-	-		.5658	Variant of unknown origin		417	fresh/frozen - NOS	primary	76	ENSP00000399368.2:p.Asn127Ser	ENST00000458599.6:c.380A>G	1:g.169617129T>C
SELP_ENST00000458599	ENST00000458599.6	1941	10721	TCGA-05-4396-01	1780058	1684057	lung	NS	NS	NS	carcinoma	adenocarcinoma	NS	NS	y	COSV55259240	COSM530342	133375431	c.1720G>A	p.V574M	Substitution - Missense			38	1:169594707-169594707	-	-	NEUTRAL	.01018	Variant of unknown origin		417	fresh/frozen - NOS	primary	76	ENSP00000399368.2:p.Val574Met	ENST00000458599.6:c.1720G>A	1:g.169594707C>T
SELP_ENST00000458599	ENST00000458599.6	1941	10721	SMS-CTR	2355930	2219713	soft_tissue	striated_muscle	NS	NS	rhabdomyosarcoma	embryonal	NS	NS	y	COSV55250501	COSM4986328	133376015	c.625G>A	p.V209M	Substitution - Missense			38	1:169613079-169613079	-	-	NEUTRAL	.07858	Variant of unknown origin	24793135		cell-line	NS		ENSP00000399368.2:p.Val209Met	ENST00000458599.6:c.625G>A	1:g.169613079C>T
SELP_ENST00000458599	ENST00000458599.6	1941	10721	PD42111a	2894820	2749308	skin	trunk	NS	NS	malignant_melanoma	superficial_spreading	NS	NS	y	COSV105049676	COSM9907726	133379081	c.1225C>T	p.Q409*	Substitution - Nonsense			38	1:169607057-169607057	-	-	NEUTRAL	.27312	Variant of unknown origin	33024263		surgery-fixed	metastasis	49	ENSP00000399368.2:p.Gln409Ter	ENST00000458599.6:c.1225C>T	1:g.169607057G>A
SELP_ENST00000458599	ENST00000458599.6	1941	10721	P9_15613_5_S3_R1_001	2823478	2679331	breast	NS	NS	NS	carcinoma	ductal_carcinoma	NS	NS	n	COSV55248283	COSM2073697	133376221	c.961+561_961+562dup	p.?	Unknown			38	1:169611656-169611657	-	-			Variant of unknown origin	31854063		surgery fresh/frozen	primary	29		ENST00000458599.6:c.961+561_961+562dup	1:g.169611655_169611656dup
SELP_ENST00000458599	ENST00000458599.6	1941	10721	HCC104T	1919167	1806488	liver	NS	NS	NS	carcinoma	NS	NS	NS	y	COSV55253766	COSN1092132	133382979	c.4-2167T>C	p.?	Unknown	het		38	1:169621386-169621386	-	-	NEUTRAL	.00303	Variant of unknown origin		323	fresh/frozen - NOS	primary			ENST00000458599.6:c.4-2167T>C	1:g.169621386A>G
SELP_ENST00000458599	ENST00000458599.6	1941	10721	HCC104T	1919167	1806488	liver	NS	NS	NS	carcinoma	NS	NS	NS	y	COSV55253760	COSN1092131	133382971	c.4-2154T>C	p.?	Unknown	het		38	1:169621373-169621373	-	-	NEUTRAL	.01261	Variant of unknown origin		323	fresh/frozen - NOS	primary			ENST00000458599.6:c.4-2154T>C	1:g.169621373A>G
SELP_ENST00000458599	ENST00000458599.6	1941	10721	TCGA-53-7624-01	1913996	1802278	lung	right_upper_lobe	NS	NS	carcinoma	adenocarcinoma	NS	NS	y	COSV55259998	COSM1499328	133384498	c.1611G>C	p.W537C	Substitution - Missense			38	1:169594816-169594816	-	-	PATHOGENIC	.90219	Variant of unknown origin		417	fresh/frozen - NOS	primary	40	ENSP00000399368.2:p.Trp537Cys	ENST00000458599.6:c.1611G>C	1:g.169594816C>G
SELP_ENST00000458599	ENST00000458599.6	1941	10721	TCGA-38-4632-01	1780096	1684095	lung	NS	NS	NS	carcinoma	adenocarcinoma	NS	NS	y	COSV55252843	COSM6059140	133382932	c.205G>A	p.A69T	Substitution - Missense			38	1:169617304-169617304	-	-	PATHOGENIC	.98165	Variant of unknown origin		417	fresh/frozen - NOS	primary	42	ENSP00000399368.2:p.Ala69Thr	ENST00000458599.6:c.205G>A	1:g.169617304C>T
SELP_ENST00000458599	ENST00000458599.6	1941	10721	TCGA-29-1703-01	1731241	1637207	ovary	NS	NS	NS	carcinoma	serous_carcinoma	NS	NS	y	COSV55257362	COSM1320764	133380192	c.1339+3889C>T	p.?	Unknown	het		38	1:169603054-169603054	-	-	NEUTRAL	.03143	Variant of unknown origin		331	NS	primary	56		ENST00000458599.6:c.1339+3889C>T	1:g.169603054G>A
SELP_ENST00000458599	ENST00000458599.6	1941	10721	NCHP_DIPG102	2310629	2175827	central_nervous_system	brainstem	NS	NS	glioma	oligoastrocytoma_Grade_III	anaplastic	NS	y	COSV55252538	COSM4746285	133378965	c.1898C>G	p.T633R	Substitution - Missense			38	1:169590191-169590191	-	-	PATHOGENIC	.88399	Variant of unknown origin	24705252		surgery - NOS	NS	10.3	ENSP00000399368.2:p.Thr633Arg	ENST00000458599.6:c.1898C>G	1:g.169590191G>C
SELP_ENST00000458599	ENST00000458599.6	1941	10721	RK064_C01	1918850	1806171	liver	NS	NS	NS	carcinoma	NS	NS	NS	y	COSV55252293	COSN1412400	133384512	c.95-831C>A	p.?	Unknown	het		38	1:169618245-169618245	-	-	NEUTRAL	.06924	Variant of unknown origin		322	fresh/frozen - NOS	primary			ENST00000458599.6:c.95-831C>A	1:g.169618245G>T
SELP_ENST00000458599	ENST00000458599.6	1941	10721	H727	2776331	2634467	lung	NS	NS	NS	carcinoid-endocrine_tumour	NS	NS	NS	y	COSV55249264	COSM2073714	133374571	c.393C>A	p.C131*	Substitution - Nonsense			38	1:169617116-169617116	-	-	NEUTRAL	.43853	Variant of unknown origin	29681454		NS	NS	65	ENSP00000399368.2:p.Cys131Ter	ENST00000458599.6:c.393C>A	1:g.169617116G>T
SELP_ENST00000458599	ENST00000458599.6	1941	10721	RK051_C01	1918841	1806162	liver	NS	NS	NS	carcinoma	NS	NS	NS	y	COSV55257797	COSN1412402	133380200	c.4-4006A>G	p.?	Unknown	het		38	1:169623225-169623225	-	-	NEUTRAL	.02193	Variant of unknown origin		322	fresh/frozen - NOS	primary			ENST00000458599.6:c.4-4006A>G	1:g.169623225T>C
SELP_ENST00000458599	ENST00000458599.6	1941	10721	H125	2776318	2634454	lung	NS	NS	NS	carcinoma	mixed_adenosquamous_carcinoma	NS	NS	y	COSV55253355	COSM2073673	133374547	c.1340-1009A>G	p.?	Unknown			38	1:169597143-169597143	-	-	NEUTRAL	.00475	Variant of unknown origin	29681454		NS	NS	61		ENST00000458599.6:c.1340-1009A>G	1:g.169597143T>C
SELP_ENST00000458599	ENST00000458599.6	1941	10721	GBNEC_12	2907843	2762026	biliary_tract	gallbladder	NS	NS	carcinoma	small_cell_carcinoma	NS	NS	y	COSV105845440	COSM10018257	133382110	c.684C>G	p.F228L	Substitution - Missense			38	1:169613020-169613020	-	-	PATHOGENIC	.97506	Variant of unknown origin	33563892		surgery-fixed	NS	59	ENSP00000399368.2:p.Phe228Leu	ENST00000458599.6:c.684C>G	1:g.169613020G>C
SELP_ENST00000458599	ENST00000458599.6	1941	10721	2834130	2834130	2689914	skin	mucosal	anorectal	NS	malignant_melanoma	NS	NS	NS	y	COSV104559317	COSM9323893	133380579	c.1672G>A	p.G558S	Substitution - Missense			38	1:169594755-169594755	-	-		.6353	Variant of unknown origin	28296713		surgery - NOS	primary	59	ENSP00000399368.2:p.Gly558Ser	ENST00000458599.6:c.1672G>A	1:g.169594755C>T
SELP_ENST00000458599	ENST00000458599.6	1941	10721	TCGA-50-5049-01	1780153	1684152	lung	NS	NS	NS	carcinoma	adenocarcinoma	NS	NS	y	COSV55253410	COSM6059146	133377650	c.941C>A	p.A314D	Substitution - Missense			38	1:169612237-169612237	-	-	NEUTRAL	.0918	Variant of unknown origin		417	fresh/frozen - NOS	primary	70	ENSP00000399368.2:p.Ala314Asp	ENST00000458599.6:c.941C>A	1:g.169612237G>T
SELP_ENST00000458599	ENST00000458599.6	1941	10721	GC8_T	1645684	1560718	stomach	NS	NS	NS	carcinoma	adenocarcinoma	NS	NS	y	COSV55249728	COSN163316	133380186	c.1550-52C>G	p.?	Unknown	hom		38	1:169594929-169594929	-	-	NEUTRAL	.13918	Variant of unknown origin		371	fresh/frozen - NOS	NS			ENST00000458599.6:c.1550-52C>G	1:g.169594929G>C
SELP_ENST00000458599	ENST00000458599.6	1941	10721	587376	1766805	1671125	large_intestine	colon	NS	NS	carcinoma	adenocarcinoma	NS	NS	y	COSV55255166	COSM1225125	133379195	c.1158C>A	p.C386*	Substitution - Nonsense			38	1:169607124-169607124	-	-	PATHOGENIC	.80149	Variant of unknown origin	22895193		surgery fresh/frozen	primary		ENSP00000399368.2:p.Cys386Ter	ENST00000458599.6:c.1158C>A	1:g.169607124G>T
SELP_ENST00000458599	ENST00000458599.6	1941	10721	LAU63	1675358	1588297	skin	trunk	NS	NS	malignant_melanoma	nodular	NS	NS	y	COSV55256054	COSM235326	133376924	c.961+577A>C	p.?	Unknown	het		38	1:169611640-169611640	-	-	NEUTRAL	.13589	Variant of unknown origin	22197931		cell-line	NS			ENST00000458599.6:c.961+577A>C	1:g.169611640T>G
SELP_ENST00000458599	ENST00000458599.6	1941	10721	H1623	2776321	2634457	lung	NS	NS	NS	carcinoma	adenocarcinoma	NS	NS	y	COSV55252678	COSM2073709	133384488	c.451T>A	p.L151M	Substitution - Missense			38	1:169617058-169617058	-	-	NEUTRAL	.02469	Variant of unknown origin	29681454		NS	NS	58	ENSP00000399368.2:p.Leu151Met	ENST00000458599.6:c.451T>A	1:g.169617058A>T
SELP_ENST00000458599	ENST00000458599.6	1941	10721	TCGA-50-5049-01	1780153	1684152	lung	NS	NS	NS	carcinoma	adenocarcinoma	NS	NS	y	COSV55253462	COSM6059142	133377656	c.351G>T	p.W117C	Substitution - Missense			38	1:169617158-169617158	-	-	PATHOGENIC	.99019	Variant of unknown origin		417	fresh/frozen - NOS	primary	70	ENSP00000399368.2:p.Trp117Cys	ENST00000458599.6:c.351G>T	1:g.169617158C>A
NCOR2_ENST00000404621	ENST00000404621.5	7377	7673	1072	2823386	2679239	breast	NS	NS	NS	carcinoma	ductal_carcinoma	NS	NS	n	COSV104662726	COSM9277676	119154676	c.2602A>T	p.T868S	Substitution - Missense			38	12:124372173-124372173	-	-	NEUTRAL	.1778	Variant of unknown origin	31854063		surgery fresh/frozen	primary	54	ENSP00000384202.1:p.Thr868Ser	ENST00000404621.5:c.2602A>T	12:g.124372173T>A
NCOR2_ENST00000404621	ENST00000404621.5	7377	7673	RMS110	2355920	2219703	soft_tissue	striated_muscle	shoulder	NS	rhabdomyosarcoma	alveolar	NS	NS	y	COSV62297394	COSM4985065	119157083	c.5971C>T	p.P1991S	Substitution - Missense			38	12:124336867-124336867	-	-	NEUTRAL	.18388	Variant of unknown origin	24793135		surgery fresh/frozen	primary	1	ENSP00000384202.1:p.Pro1991Ser	ENST00000404621.5:c.5971C>T	12:g.124336867G>A
NCOR2_ENST00000404621	ENST00000404621.5	7377	7673	TCGA-44-7670-01	1913986	1802268	lung	right_upper_lobe	NS	NS	carcinoma	adenocarcinoma	NS	NS	y	COSV62297829	COSM6135984	119150227	c.4779C>T	p.H1593=	Substitution - coding silent			38	12:124343132-124343132	-	-	PATHOGENIC	.91469	Variant of unknown origin		417	fresh/frozen - NOS	primary	47	ENSP00000384202.1:p.His1593=	ENST00000404621.5:c.4779C>T	12:g.124343132G>A
NCOR2_ENST00000404621	ENST00000404621.5	7377	7673	TCGA-44-7670-01	1913986	1802268	lung	right_upper_lobe	NS	NS	carcinoma	adenocarcinoma	NS	NS	y	COSV62297836	COSM6135975	119150238	c.795G>T	p.Q265H	Substitution - Missense			38	12:124449835-124449835	-	-	PATHOGENIC	.82412	Variant of unknown origin		417	fresh/frozen - NOS	primary	47	ENSP00000384202.1:p.Gln265His	ENST00000404621.5:c.795G>T	12:g.124449835C>A
NCOR2_ENST00000404621	ENST00000404621.5	7377	7673	SNU-175	2302007	2167290	large_intestine	NS	NS	NS	carcinoma	adenocarcinoma	NS	NS	y	COSV62300115	COSM2227050	119141611	c.2615C>T	p.A872V	Substitution - Missense	het		38	12:124372160-124372160	-	-	NEUTRAL	.45715	Variant of unknown origin	24755471		cell-line	NS		ENSP00000384202.1:p.Ala872Val	ENST00000404621.5:c.2615C>T	12:g.124372160G>A
NCOR2_ENST00000404621	ENST00000404621.5	7377	7673	HF-23896	1870281	1761074	lung	NS	NS	NS	carcinoma	adenocarcinoma	NS	NS	y	COSV62305892	COSM1193061	119150651	c.5621_5623del	p.I1874del	Deletion - In frame	het		38	12:124340044-124340046	-	-			Variant of unknown origin	23033341		fresh/frozen - NOS	primary	51	ENSP00000384202.1:p.Ile1874del	ENST00000404621.5:c.5621_5623del	12:g.124340044_124340046del
NCOR2_ENST00000404621	ENST00000404621.5	7377	7673	SNU-175	2302007	2167290	large_intestine	NS	NS	NS	carcinoma	adenocarcinoma	NS	NS	y	COSV62300111	COSM2226940	119141602	c.5116C>T	p.R1706C	Substitution - Missense	het		38	12:124341865-124341865	-	-	PATHOGENIC	.93679	Variant of unknown origin	24755471		cell-line	NS		ENSP00000384202.1:p.Arg1706Cys	ENST00000404621.5:c.5116C>T	12:g.124341865G>A
NCOR2_ENST00000404621	ENST00000404621.5	7377	7673	H650	2776287	2634423	lung	NS	NS	NS	carcinoma	adenocarcinoma	NS	NS	y	COSV99050096	COSM7379163	119147442	c.6503G>T	p.S2168I	Substitution - Missense			38	12:124334496-124334496	-	-	PATHOGENIC	.92347	Variant of unknown origin	29681454		NS	NS		ENSP00000384202.1:p.Ser2168Ile	ENST00000404621.5:c.6503G>T	12:g.124334496C>A
NCOR2_ENST00000404621	ENST00000404621.5	7377	7673	HCC23T	1566743	1488550	liver	NS	NS	NS	carcinoma	hepatocellular_carcinoma	NS	NS	n	COSV62300079	COSN1143959	119160332	c.1480-96C>A	p.?	Unknown	het		38	12:124402657-124402657	-	-	NEUTRAL	.06838	Variant of unknown origin		323	surgery fresh/frozen	primary	67		ENST00000404621.5:c.1480-96C>A	12:g.124402657G>T
NCOR2_ENST00000404621	ENST00000404621.5	7377	7673	HX11T	1919256	1806577	liver	NS	NS	NS	carcinoma	NS	NS	NS	y	COSV62300575	COSN1143930	119150252	c.6875-272G>A	p.?	Unknown	het		38	12:124331170-124331170	-	-	NEUTRAL	.09147	Variant of unknown origin		323	fresh/frozen - NOS	primary			ENST00000404621.5:c.6875-272G>A	12:g.124331170C>T
NCOR2_ENST00000404621	ENST00000404621.5	7377	7673	HCC78T	1919237	1806558	liver	NS	NS	NS	carcinoma	NS	NS	NS	y	COSV62294221	COSM1605751	119151073	c.210dup	p.E71*	Insertion - Frameshift	het		38	12:124486464-124486465	-	-			Variant of unknown origin		323	fresh/frozen - NOS	primary		ENSP00000384202.1:p.Glu71Ter	ENST00000404621.5:c.210dup	12:g.124486464dup
NCOR2_ENST00000404621	ENST00000404621.5	7377	7673	BICR_22	2296291	2161894	upper_aerodigestive_tract	head_neck	NS	NS	carcinoma	squamous_cell_carcinoma	NS	NS	y	COSV62293653	COSM4603265	119141824	c.1529_1530insAGC	p.P510_M511insA	Insertion - In frame			38	12:124402512-124402513	-	-			Variant of unknown origin	25275298		cell-line	NS	88	ENSP00000384202.1:p.Pro510_Met511insAla	ENST00000404621.5:c.1529_1530insAGC	12:g.124402512_124402513insCTG
NCOR2_ENST00000404621	ENST00000404621.5	7377	7673	HDC82	2301983	2167266	large_intestine	colon	left	NS	carcinoma	adenocarcinoma	NS	NS	y	COSV62302597	COSM4636581	119141832	c.648G>A	p.P216=	Substitution - coding silent	het		38	12:124466230-124466230	-	-	NEUTRAL	.0228	Variant of unknown origin	24755471		cell-line	NS		ENSP00000384202.1:p.Pro216=	ENST00000404621.5:c.648G>A	12:g.124466230C>T
NCOR2_ENST00000404621	ENST00000404621.5	7377	7673	WSU-HN13	2296298	2161901	upper_aerodigestive_tract	head_neck	NS	NS	carcinoma	squamous_cell_carcinoma	NS	NS	y	COSV62293653	COSM4603265	119141824	c.1529_1530insAGC	p.P510_M511insA	Insertion - In frame			38	12:124402512-124402513	-	-			Variant of unknown origin	25275298		cell-line	NS		ENSP00000384202.1:p.Pro510_Met511insAla	ENST00000404621.5:c.1529_1530insAGC	12:g.124402512_124402513insCTG
NCOR2_ENST00000404621	ENST00000404621.5	7377	7673	NPC0001PT00229T00229	2857347	2712647	upper_aerodigestive_tract	pharynx	nasopharynx	NS	carcinoma	nasopharyngeal_carcinoma	non_keratinizing	NS	y	COSV105262296	COSM9547540	119166222	c.2470G>A	p.E824K	Substitution - Missense			38	12:124372305-124372305	-	-	PATHOGENIC	.90304	Variant of unknown origin	28851814		surgery-fixed	primary		ENSP00000384202.1:p.Glu824Lys	ENST00000404621.5:c.2470G>A	12:g.124372305C>T
NCOR2_ENST00000404621	ENST00000404621.5	7377	7673	H_KU-KP129-KP129	2768302	2626521	breast	NS	NS	NS	carcinoma	ER-positive_carcinoma	NS	NS	n	COSV62301425	COSM2226909	119156819	c.5954C>A	p.P1985H	Substitution - Missense			38	12:124336884-124336884	-	-		.53649	Variant of unknown origin	30181556		surgery-fixed	NS		ENSP00000384202.1:p.Pro1985His	ENST00000404621.5:c.5954C>A	12:g.124336884G>T
NCOR2_ENST00000404621	ENST00000404621.5	7377	7673	HCC110T	1919173	1806494	liver	NS	NS	NS	carcinoma	NS	NS	NS	y	COSV62293582	COSN1143972	119154440	c.815+4221C>A	p.?	Unknown	het		38	12:124445594-124445594	-	-	NEUTRAL	.03787	Variant of unknown origin		323	fresh/frozen - NOS	primary			ENST00000404621.5:c.815+4221C>A	12:g.124445594G>T
NCOR2_ENST00000404621	ENST00000404621.5	7377	7673	HCC110T	1919173	1806494	liver	NS	NS	NS	carcinoma	NS	NS	NS	y	COSV62293588	COSN1143987	119154445	c.-117-17528G>T	p.?	Unknown	het		38	12:124512896-124512896	-	-	NEUTRAL	.05474	Variant of unknown origin		323	fresh/frozen - NOS	primary			ENST00000404621.5:c.-117-17528G>T	12:g.124512896C>A
NCOR2_ENST00000404621	ENST00000404621.5	7377	7673	TCGA-D1-A17Q-01	1783533	1687532	endometrium	NS	NS	NS	carcinoma	endometrioid_carcinoma	NS	NS	y	COSV62296324	COSM936761	119150058	c.230A>C	p.E77A	Substitution - Missense	het		38	12:124486444-124486444	-	-	PATHOGENIC	.91929	Variant of unknown origin		419	fresh/frozen - NOS	primary	54	ENSP00000384202.1:p.Glu77Ala	ENST00000404621.5:c.230A>C	12:g.124486444T>G
NCOR2_ENST00000404621	ENST00000404621.5	7377	7673	LIM1215	2301991	2167274	large_intestine	colon	right	NS	carcinoma	adenocarcinoma	NS	NS	y	COSV62295366	COSM4639367	119160109	c.7010T>G	p.L2337R	Substitution - Missense	het		38	12:124327552-124327552	-	-	PATHOGENIC	.96918	Variant of unknown origin	24755471		cell-line	NS		ENSP00000384202.1:p.Leu2337Arg	ENST00000404621.5:c.7010T>G	12:g.124327552A>C
NCOR2_ENST00000404621	ENST00000404621.5	7377	7673	LIM1215	2301991	2167274	large_intestine	colon	right	NS	carcinoma	adenocarcinoma	NS	NS	y	COSV62295371	COSM4639368	119160114	c.4647C>T	p.P1549=	Substitution - coding silent	het		38	12:124344634-124344634	-	-	NEUTRAL	.01277	Variant of unknown origin	24755471		cell-line	NS		ENSP00000384202.1:p.Pro1549=	ENST00000404621.5:c.4647C>T	12:g.124344634G>A
NCOR2_ENST00000404621	ENST00000404621.5	7377	7673	7780_R1	2823435	2679288	breast	NS	NS	NS	carcinoma	ductal_carcinoma	NS	NS	n	COSV104662772	COSM9277672	119169026	c.7015+111C>T	p.?	Unknown			38	12:124327436-124327436	-	-	PATHOGENIC	.94169	Variant of unknown origin	31854063		surgery fresh/frozen	primary	37		ENST00000404621.5:c.7015+111C>T	12:g.124327436G>A
NCOR2_ENST00000404621	ENST00000404621.5	7377	7673	E20	2819871	2676170	haematopoietic_and_lymphoid_tissue	lung	NS	NS	lymphoid_neoplasm	marginal_zone_lymphoma	NS	NS	n	COSV104422112	COSM9264069	119154402	c.1528_1529insGCA	p.P510delinsRT				38	12:124402512-124402513	-	-			Variant of unknown origin	29556019		NS	NS	60	ENSP00000384202.1:p.Pro510delinsArgThr	ENST00000404621.5:c.1528_1529insGCA	12:g.124402512_124402513insTGC
NCOR2_ENST00000404621	ENST00000404621.5	7377	7673	TCGA-D1-A17Q-01	1783533	1687532	endometrium	NS	NS	NS	carcinoma	endometrioid_carcinoma	NS	NS	y	COSV62296317	COSM936751	119150046	c.902G>A	p.R301H	Substitution - Missense	het		38	12:124430768-124430768	-	-	PATHOGENIC	.99193	Variant of unknown origin		419	fresh/frozen - NOS	primary	54	ENSP00000384202.1:p.Arg301His	ENST00000404621.5:c.902G>A	12:g.124430768C>T
NCOR2_ENST00000404621	ENST00000404621.5	7377	7673	HCA7	2301976	2167259	large_intestine	colon	right	NS	carcinoma	adenocarcinoma	NS	NS	y	COSV62304081	COSM4629896	119145378	c.3037G>A	p.D1013N	Substitution - Missense	het		38	12:124362135-124362135	-	-	PATHOGENIC	.8806	Variant of unknown origin	24755471		cell-line	NS		ENSP00000384202.1:p.Asp1013Asn	ENST00000404621.5:c.3037G>A	12:g.124362135C>T
NCOR2_ENST00000404621	ENST00000404621.5	7377	7673	HCA7	2301976	2167259	large_intestine	colon	right	NS	carcinoma	adenocarcinoma	NS	NS	y	COSV62304091	COSM4629898	119145388	c.1132C>G	p.L378V	Substitution - Missense	het		38	12:124429627-124429627	-	-	PATHOGENIC	.95797	Variant of unknown origin	24755471		cell-line	NS		ENSP00000384202.1:p.Leu378Val	ENST00000404621.5:c.1132C>G	12:g.124429627G>C
NCOR2_ENST00000404621	ENST00000404621.5	7377	7673	TCGA-D1-A17Q-01	1783533	1687532	endometrium	NS	NS	NS	carcinoma	endometrioid_carcinoma	NS	NS	y	COSV62296309	COSM936736	119150035	c.2036G>A	p.R679Q	Substitution - Missense	het		38	12:124378365-124378365	-	-	PATHOGENIC	.86147	Variant of unknown origin		419	fresh/frozen - NOS	primary	54	ENSP00000384202.1:p.Arg679Gln	ENST00000404621.5:c.2036G>A	12:g.124378365C>T
NCOR2_ENST00000404621	ENST00000404621.5	7377	7673	TCGA-86-7711-01	1914082	1802364	lung	right_lower_lobe	NS	NS	carcinoma	adenocarcinoma	NS	NS	y	COSV62303040	COSM6135988	119150775	c.5222C>G	p.P1741R	Substitution - Missense			38	12:124340688-124340688	-	-	PATHOGENIC	.82452	Variant of unknown origin		417	fresh/frozen - NOS	primary	70	ENSP00000384202.1:p.Pro1741Arg	ENST00000404621.5:c.5222C>G	12:g.124340688G>C
NCOR2_ENST00000404621	ENST00000404621.5	7377	7673	LUAD-F00282	1765236	1669556	lung	NS	NS	NS	carcinoma	adenocarcinoma	NS	NS	y	COSV62305688	COSM367103	119161627	c.764C>T	p.P255L	Substitution - Missense			38	12:124449866-124449866	-	-	PATHOGENIC	.95269	Variant of unknown origin	22980975		surgery - NOS	primary	63	ENSP00000384202.1:p.Pro255Leu	ENST00000404621.5:c.764C>T	12:g.124449866G>A
NCOR2_ENST00000404621	ENST00000404621.5	7377	7673	RK082_C01	1918862	1806183	liver	NS	NS	NS	carcinoma	NS	NS	NS	y	COSV62292809	COSN1560859	119150989	c.3047-2404G>A	p.?	Unknown	het		38	12:124359210-124359210	-	-	NEUTRAL	.05024	Variant of unknown origin		322	fresh/frozen - NOS	primary			ENST00000404621.5:c.3047-2404G>A	12:g.124359210C>T
NCOR2_ENST00000404621	ENST00000404621.5	7377	7673	WSU-HN12	2296297	2161900	upper_aerodigestive_tract	head_neck	NS	NS	carcinoma	squamous_cell_carcinoma	NS	NS	y	COSV62293653	COSM4603265	119141824	c.1529_1530insAGC	p.P510_M511insA	Insertion - In frame			38	12:124402512-124402513	-	-			Variant of unknown origin	25275298		cell-line	NS		ENSP00000384202.1:p.Pro510_Met511insAla	ENST00000404621.5:c.1529_1530insAGC	12:g.124402512_124402513insCTG
