Constituency,County,Country/Region,Country,Electorate,Turnout,Total votes,Conservative,Labour,Lib. Dem.,Brexit,Green,SNP,Plaid Cymru,DUP,Sinn Fein,SDLP,UUP,Alliance,Other
ABERAVON,West Glamorgan,Wales,Wales,50750,0.6226206896551724,31598,6518,17008,1072,3108,450,NA,2711,NA,NA,NA,NA,NA,731
ABERCONWY,Clwyd,Wales,Wales,44699,0.7128794827624779,31865,14687,12653,1821,NA,NA,NA,2704,NA,NA,NA,NA,NA,NA
ABERDEEN NORTH,NA,Scotland,Scotland,62489,0.5987133735537454,37413,7535,4939,2846,1008,880,20205,NA,NA,NA,NA,NA,NA,NA
ABERDEEN SOUTH,NA,Scotland,Scotland,65719,0.6944414857195027,45638,16398,3834,5018,NA,NA,20388,NA,NA,NA,NA,NA,NA,NA
AIRDRIE AND SHOTTS,NA,Scotland,Scotland,64011,0.6213307087844276,39772,7011,12728,1419,NA,685,17929,NA,NA,NA,NA,NA,NA,NA
ALDERSHOT,Hampshire,South East,England,72617,0.6600658248068634,47932,27980,11282,6920,NA,1750,NA,NA,NA,NA,NA,NA,NA,NA
ALDRIDGE-BROWNHILLS,West Midlands,West Midlands,England,60138,0.6541953506934052,39342,27850,8014,2371,NA,771,NA,NA,NA,NA,NA,NA,NA,336
ALTRINCHAM AND SALE WEST,Greater Manchester,North West,England,73107,0.7490801154472212,54763,26311,20172,6036,NA,1566,NA,NA,NA,NA,NA,NA,NA,678
ALYN AND DEESIDE,Clwyd,Wales,Wales,62789,0.6849607415311599,43008,18058,18271,2548,2678,NA,NA,1453,NA,NA,NA,NA,NA,NA
AMBER VALLEY,Derbyshire,East Midlands,England,69976,0.6511804047101863,45567,29096,12210,2873,NA,1388,NA,NA,NA,NA,NA,NA,NA,NA
ANGUS,NA,Scotland,Scotland,63952,0.6750375281461096,43170,17421,2051,2482,NA,NA,21216,NA,NA,NA,NA,NA,NA,NA
ARFON,Gwynedd,Wales,Wales,42215,0.6887125429349757,29074,4428,10353,NA,1159,NA,NA,13134,NA,NA,NA,NA,NA,NA
ARGYLL AND BUTE,NA,Scotland,Scotland,66525,0.7222848553175498,48050,16930,3248,6832,NA,NA,21040,NA,NA,NA,NA,NA,NA,NA
ARUNDEL AND SOUTH DOWNS,West Sussex,South East,England,81726,0.7513887869221545,61408,35566,9722,13045,NA,2519,NA,NA,NA,NA,NA,NA,NA,556
ASHFIELD,Nottinghamshire,East Midlands,England,78204,0.6263106746457981,48980,19231,11971,1105,2501,674,NA,NA,NA,NA,NA,NA,NA,13498
ASHFORD,Kent,South East,England,89553,0.6706531327817047,60059,37270,13241,6048,NA,2638,NA,NA,NA,NA,NA,NA,NA,862
ASHTON-UNDER-LYNE,Greater Manchester,North West,England,67978,0.5675218453028921,38579,14281,18544,1395,3151,1208,NA,NA,NA,NA,NA,NA,NA,NA
AYLESBURY,Buckinghamshire,South East,England,86665,0.6989672878324583,60576,32737,15364,10081,NA,2394,NA,NA,NA,NA,NA,NA,NA,NA
"AYR, CARRICK AND CUMNOCK",NA,Scotland,Scotland,71970,0.64738085313325,46592,17943,6219,2158,NA,NA,20272,NA,NA,NA,NA,NA,NA,NA
BANBURY,Oxfordshire,South East,England,90116,0.698222291269031,62921,34148,17335,8831,NA,2607,NA,NA,NA,NA,NA,NA,NA,NA
BANFF AND BUCHAN,NA,Scotland,Scotland,66655,0.6340109519165854,42260,21182,1734,2280,NA,NA,17064,NA,NA,NA,NA,NA,NA,NA
BARKING,London,London,England,77953,0.5708439700845381,44499,11792,27219,1482,3186,820,NA,NA,NA,NA,NA,NA,NA,NA
BARNSLEY CENTRAL,South Yorkshire,Yorkshire and The Humber,England,65277,0.5653292890298267,36903,7892,14804,1176,11233,900,NA,NA,NA,NA,NA,NA,NA,898
BARNSLEY EAST,South Yorkshire,Yorkshire and The Humber,England,69504,0.5477382596685083,38070,10377,14329,1330,11112,922,NA,NA,NA,NA,NA,NA,NA,NA
BARROW AND FURNESS,Cumbria,North West,England,70158,0.6563185951709,46046,23876,18087,2025,1355,703,NA,NA,NA,NA,NA,NA,NA,NA
BASILDON AND BILLERICAY,Essex,East,England,69906,0.6312476754498898,44128,29590,9178,3741,NA,1395,NA,NA,NA,NA,NA,NA,NA,224
BASINGSTOKE,Hampshire,South East,England,82928,0.6597650974339185,54713,29593,15395,6841,NA,2138,NA,NA,NA,NA,NA,NA,NA,746
BASSETLAW,Nottinghamshire,East Midlands,England,80024,0.6353219034289713,50841,28078,14065,3332,5366,NA,NA,NA,NA,NA,NA,NA,NA,NA
BATH,Avon,South West,England,67805,0.7689403436324754,52138,16097,6639,28419,642,NA,NA,NA,NA,NA,NA,NA,NA,341
BATLEY AND SPEN,West Yorkshire,Yorkshire and The Humber,England,79558,0.6652630785087609,52927,19069,22594,2462,1678,692,NA,NA,NA,NA,NA,NA,NA,6432
BATTERSEA,London,London,England,79350,0.7558538122243226,59977,21622,27290,9150,386,1529,NA,NA,NA,NA,NA,NA,NA,NA
BEACONSFIELD,Buckinghamshire,South East,England,77720,0.7445702521873392,57868,32477,5756,NA,NA,2033,NA,NA,NA,NA,NA,NA,NA,17602
BECKENHAM,London,London,England,68662,0.7362879030613732,50555,27282,13024,8194,NA,2055,NA,NA,NA,NA,NA,NA,NA,NA
BEDFORD,Bedfordshire,East,England,71581,0.6608038445956329,47301,20346,20491,4608,896,960,NA,NA,NA,NA,NA,NA,NA,NA
BELFAST EAST,NA,Northern Ireland,Northern Ireland,66245,0.6407276020831761,42445,NA,NA,NA,NA,NA,NA,NA,20874,NA,NA,2516,19055,NA
BELFAST NORTH,NA,Northern Ireland,Northern Ireland,72225,0.6789477327795085,49037,NA,NA,NA,NA,NA,NA,NA,21135,23078,NA,NA,4824,NA
BELFAST SOUTH,NA,Northern Ireland,Northern Ireland,69984,0.6766117969821673,47352,NA,NA,NA,NA,NA,NA,NA,11678,NA,27079,1259,6786,550
BELFAST WEST,NA,Northern Ireland,Northern Ireland,65644,0.5907927609530194,38782,NA,NA,NA,NA,NA,NA,NA,5220,20866,2985,NA,1882,7829
BERMONDSEY AND OLD SOUTHWARK,London,London,England,93248,0.6285925703500344,58615,9678,31723,15597,1617,NA,NA,NA,NA,NA,NA,NA,NA,NA
"BERWICKSHIRE, ROXBURGH AND SELKIRK",NA,Scotland,Scotland,74518,0.7131968115086288,53146,25747,2513,4287,NA,NA,20599,NA,NA,NA,NA,NA,NA,NA
BERWICK-UPON-TWEED,Northumberland,North East,England,59939,0.7025309064215286,42109,23947,9112,7656,NA,1394,NA,NA,NA,NA,NA,NA,NA,NA
BETHNAL GREEN AND BOW,London,London,England,88262,0.6861616550723981,60562,6528,44052,5892,1081,2570,NA,NA,NA,NA,NA,NA,NA,439
BEVERLEY AND HOLDERNESS,Humberside,Yorkshire and The Humber,England,79696,0.6718279461955431,53542,33250,12802,4671,NA,1378,NA,NA,NA,NA,NA,NA,NA,1441
BEXHILL AND BATTLE,East Sussex,South East,England,81963,0.7209716579432183,59093,37590,11531,7280,NA,2692,NA,NA,NA,NA,NA,NA,NA,NA
BEXLEYHEATH AND CRAYFORD,London,London,England,65466,0.6605871750221489,43246,25856,12753,2819,NA,1298,NA,NA,NA,NA,NA,NA,NA,520
BIRKENHEAD,Merseyside,North West,England,63762,0.6638593519651202,42329,5540,24990,1620,1489,1405,NA,NA,NA,NA,NA,NA,NA,7285
"BIRMINGHAM, EDGBASTON",West Midlands,West Midlands,England,68828,0.6149822746556634,42328,15603,21217,3349,1047,1112,NA,NA,NA,NA,NA,NA,NA,NA
"BIRMINGHAM, ERDINGTON",West Midlands,West Midlands,England,66148,0.5325784604220838,35229,14119,17720,1301,1441,648,NA,NA,NA,NA,NA,NA,NA,NA
"BIRMINGHAM, HALL GREEN",West Midlands,West Midlands,England,80283,0.6590560890848624,52911,7381,35889,3673,877,818,NA,NA,NA,NA,NA,NA,NA,4273
"BIRMINGHAM, HODGE HILL",West Midlands,West Midlands,England,78295,0.5747876620473849,45003,6742,35397,760,1519,328,NA,NA,NA,NA,NA,NA,NA,257
"BIRMINGHAM, LADYWOOD",West Midlands,West Midlands,England,74912,0.5622330200768902,42118,4773,33355,2228,831,931,NA,NA,NA,NA,NA,NA,NA,NA
"BIRMINGHAM, NORTHFIELD",West Midlands,West Midlands,England,73694,0.5848237305615112,43098,19957,18317,1961,1655,954,NA,NA,NA,NA,NA,NA,NA,254
"BIRMINGHAM, PERRY BARR",West Midlands,West Midlands,England,72006,0.5853262228147654,42147,11277,26594,1901,1382,845,NA,NA,NA,NA,NA,NA,NA,148
"BIRMINGHAM, SELLY OAK",West Midlands,West Midlands,England,82665,0.5984031936127745,49467,15300,27714,3169,1436,1848,NA,NA,NA,NA,NA,NA,NA,NA
"BIRMINGHAM, YARDLEY",West Midlands,West Midlands,England,74704,0.5712947097879632,42678,12720,23379,3754,2246,579,NA,NA,NA,NA,NA,NA,NA,NA
BISHOP AUCKLAND,Durham,North East,England,68170,0.6572539240134957,44805,24067,16105,2133,2500,NA,NA,NA,NA,NA,NA,NA,NA,NA
BLACKBURN,Lancashire,North West,England,71234,0.6280147120756941,44736,10736,29040,1130,2770,741,NA,NA,NA,NA,NA,NA,NA,319
BLACKLEY AND BROUGHTON,Greater Manchester,North West,England,73372,0.526331570626397,38618,9485,23887,1590,2736,920,NA,NA,NA,NA,NA,NA,NA,NA
BLACKPOOL NORTH AND CLEVELEYS,Lancashire,North West,England,63692,0.6092444891038121,38804,22364,13768,1494,NA,735,NA,NA,NA,NA,NA,NA,NA,443
BLACKPOOL SOUTH,Lancashire,North West,England,57690,0.5677240422950252,32752,16247,12557,1008,2009,563,NA,NA,NA,NA,NA,NA,NA,368
BLAENAU GWENT,Gwent and Mid Glamorgan,Wales,Wales,50739,0.5955773665227931,30219,5749,14862,1285,6215,386,NA,1722,NA,NA,NA,NA,NA,NA
BLAYDON,Tyne and Wear,North East,England,67853,0.6732347869659411,45681,14263,19794,3703,5833,1279,NA,NA,NA,NA,NA,NA,NA,809
BLYTH VALLEY,Northumberland,North East,England,64429,0.6341709478650918,40859,17440,16728,2151,3394,1146,NA,NA,NA,NA,NA,NA,NA,NA
BOGNOR REGIS AND LITTLEHAMPTON,West Sussex,South East,England,77446,0.6614027838752162,51223,32521,10018,5645,NA,1826,NA,NA,NA,NA,NA,NA,NA,1213
BOLSOVER,Derbyshire,East Midlands,England,75161,0.6111946355157595,45938,21791,16492,1759,4151,758,NA,NA,NA,NA,NA,NA,NA,987
BOLTON NORTH EAST,Greater Manchester,North West,England,67564,0.6446628381978569,43556,19759,19381,1847,1880,689,NA,NA,NA,NA,NA,NA,NA,NA
BOLTON SOUTH EAST,Greater Manchester,North West,England,69163,0.5870769052817257,40604,13918,21516,1411,2968,791,NA,NA,NA,NA,NA,NA,NA,NA
BOLTON WEST,Greater Manchester,North West,England,73191,0.6735527592190297,49298,27255,18400,2704,NA,939,NA,NA,NA,NA,NA,NA,NA,NA
BOOTLE,Merseyside,North West,England,74832,0.6571252939918751,49174,4510,39066,1822,2610,1166,NA,NA,NA,NA,NA,NA,NA,NA
BOSTON AND SKEGNESS,Lincolnshire,East Midlands,England,69381,0.6009714475144492,41696,31963,6342,1963,NA,NA,NA,NA,NA,NA,NA,NA,NA,1428
BOSWORTH,Leicestershire,East Midlands,England,81542,0.6920605332221432,56432,36056,9778,9096,NA,1502,NA,NA,NA,NA,NA,NA,NA,NA
BOURNEMOUTH EAST,Dorset,South West,England,74125,0.6647419898819562,49274,24926,16120,5418,NA,2049,NA,NA,NA,NA,NA,NA,NA,761
BOURNEMOUTH WEST,Dorset,South West,England,74205,0.6195943669564046,45977,24550,14400,4931,NA,2096,NA,NA,NA,NA,NA,NA,NA,NA
BRACKNELL,Berkshire,South East,England,78978,0.6881663247993112,54350,31894,12065,7749,NA,2089,NA,NA,NA,NA,NA,NA,NA,553
BRADFORD EAST,West Yorkshire,Yorkshire and The Humber,England,73206,0.6035570854847964,44184,9681,27825,3316,2700,662,NA,NA,NA,NA,NA,NA,NA,NA
BRADFORD SOUTH,West Yorkshire,Yorkshire and The Humber,England,69046,0.5755728065347739,39741,16044,18390,1505,2819,983,NA,NA,NA,NA,NA,NA,NA,NA
BRADFORD WEST,West Yorkshire,Yorkshire and The Humber,England,70694,0.6260927377146576,44261,6717,33736,1349,1556,813,NA,NA,NA,NA,NA,NA,NA,90
BRAINTREE,Essex,East,England,75208,0.6714578236357834,50499,34112,9439,4779,NA,NA,NA,NA,NA,NA,NA,NA,NA,2169
BRECON AND RADNORSHIRE,Powys,Wales,Wales,55490,0.7446206523697964,41319,21958,3944,14827,NA,NA,NA,NA,NA,NA,NA,NA,NA,590
BRENT CENTRAL,London,London,England,84032,0.5846820258948972,49132,10909,31779,4844,NA,1600,NA,NA,NA,NA,NA,NA,NA,NA
BRENTFORD AND ISLEWORTH,London,London,England,85775,0.6799883415913728,58326,18752,29266,7314,1165,1829,NA,NA,NA,NA,NA,NA,NA,NA
BRENT NORTH,London,London,England,83788,0.6191698095192629,51879,18832,26911,4065,951,850,NA,NA,NA,NA,NA,NA,NA,270
BRENTWOOD AND ONGAR,Essex,East,England,75255,0.7035944455517906,52949,36308,7243,7187,NA,1679,NA,NA,NA,NA,NA,NA,NA,532
BRIDGEND,Gwent and Mid Glamorgan,Wales,Wales,63303,0.6672037660142489,42236,18193,17036,2368,1811,815,NA,2013,NA,NA,NA,NA,NA,NA
BRIDGWATER AND WEST SOMERSET,Somerset,South West,England,85327,0.6756595216051191,57652,35827,11388,7805,NA,1877,NA,NA,NA,NA,NA,NA,NA,755
BRIGG AND GOOLE,Humberside,Yorkshire and The Humber,England,65939,0.6582144102882967,43402,30941,9000,2180,NA,1281,NA,NA,NA,NA,NA,NA,NA,NA
"BRIGHTON, KEMPTOWN",East Sussex,South East,England,69833,0.6949866109146106,48533,16972,25033,2964,1327,2237,NA,NA,NA,NA,NA,NA,NA,NA
"BRIGHTON, PAVILION",East Sussex,South East,England,79057,0.7336225761159669,57998,10176,13211,NA,770,33151,NA,NA,NA,NA,NA,NA,NA,690
BRISTOL EAST,Avon,South West,England,73867,0.7060527705199886,52154,16923,27717,3527,1881,2106,NA,NA,NA,NA,NA,NA,NA,NA
BRISTOL NORTH WEST,Avon,South West,England,76273,0.7326970225374642,55885,21638,27330,4940,NA,1977,NA,NA,NA,NA,NA,NA,NA,NA
BRISTOL SOUTH,Avon,South West,England,84079,0.6564778363206032,55196,18036,27895,4227,2325,2713,NA,NA,NA,NA,NA,NA,NA,NA
BRISTOL WEST,Avon,South West,England,99253,0.7609644040986167,75528,8822,47028,NA,869,18809,NA,NA,NA,NA,NA,NA,NA,NA
BROADLAND,Norfolk,East,England,78151,0.7290629678443015,56977,33934,12073,9195,NA,1412,NA,NA,NA,NA,NA,NA,NA,363
BROMLEY AND CHISLEHURST,London,London,England,66697,0.6831791534851642,45566,23958,13067,6621,NA,1546,NA,NA,NA,NA,NA,NA,NA,374
BROMSGROVE,Hereford and Worcester,West Midlands,England,75078,0.7228748767948001,54272,34408,11302,6779,NA,1783,NA,NA,NA,NA,NA,NA,NA,NA
BROXBOURNE,Hertfordshire,East,England,73182,0.6382170479079555,46706,30631,10824,3970,NA,1281,NA,NA,NA,NA,NA,NA,NA,NA
BROXTOWE,Nottinghamshire,East Midlands,England,73052,0.7566117286316596,55272,26602,21271,NA,NA,1806,NA,NA,NA,NA,NA,NA,NA,5593
BUCKINGHAM,Buckinghamshire,South East,England,83146,0.7632116999013783,63458,37035,7638,16624,1286,NA,NA,NA,NA,NA,NA,NA,NA,875
BURNLEY,Lancashire,North West,England,64345,0.6058590411065351,38984,15720,14368,3501,3362,739,NA,NA,NA,NA,NA,NA,NA,1294
BURTON,Staffordshire,West Midlands,England,75036,0.6495282264513034,48738,29560,15064,2681,NA,1433,NA,NA,NA,NA,NA,NA,NA,NA
BURY NORTH,Greater Manchester,North West,England,68802,0.6808086974215866,46841,21660,21555,1584,1240,802,NA,NA,NA,NA,NA,NA,NA,NA
BURY SOUTH,Greater Manchester,North West,England,75152,0.6689642324888226,50274,22034,21632,2315,1672,848,NA,NA,NA,NA,NA,NA,NA,1773
BURY ST EDMUNDS,Suffolk,East,England,89644,0.6911449734505377,61957,37770,12782,NA,NA,9711,NA,NA,NA,NA,NA,NA,NA,1694
CAERPHILLY,Gwent and Mid Glamorgan,Wales,Wales,63166,0.635104328277871,40117,11185,18018,NA,4490,NA,NA,6424,NA,NA,NA,NA,NA,NA
"CAITHNESS, SUTHERLAND AND EASTER ROSS",NA,Scotland,Scotland,46930,0.6702961858086511,31457,5176,1936,11705,1139,NA,11501,NA,NA,NA,NA,NA,NA,NA
CALDER VALLEY,West Yorkshire,Yorkshire and The Humber,England,79287,0.728908900576387,57793,29981,24207,2884,NA,NA,NA,NA,NA,NA,NA,NA,NA,721
CAMBERWELL AND PECKHAM,London,London,England,88971,0.6349484663542053,56492,6478,40258,5087,1041,3501,NA,NA,NA,NA,NA,NA,NA,127
CAMBORNE AND REDRUTH,Cornwall,South West,England,70250,0.7169679715302492,50367,26764,18064,3504,NA,1359,NA,NA,NA,NA,NA,NA,NA,676
CAMBRIDGE,Cambridgeshire,East,England,79951,0.6720241147702968,53729,8342,25776,16137,1041,2164,NA,NA,NA,NA,NA,NA,NA,269
CANNOCK CHASE,Staffordshire,West Midlands,England,74813,0.6190501650782618,46313,31636,11757,NA,NA,2920,NA,NA,NA,NA,NA,NA,NA,NA
CANTERBURY,Kent,South East,England,80203,0.749510616809845,60113,27182,29018,3408,NA,NA,NA,NA,NA,NA,NA,NA,NA,505
CARDIFF CENTRAL,South Glamorgan,Wales,Wales,64037,0.6530911816606024,41822,8426,25605,6298,1006,NA,NA,NA,NA,NA,NA,NA,NA,487
CARDIFF NORTH,South Glamorgan,Wales,Wales,68438,0.7695432362137994,52666,19082,26064,3580,1311,820,NA,1606,NA,NA,NA,NA,NA,203
CARDIFF SOUTH AND PENARTH,South Glamorgan,Wales,Wales,78837,0.6415642401410505,50579,14645,27382,2985,1999,1182,NA,2386,NA,NA,NA,NA,NA,NA
CARDIFF WEST,South Glamorgan,Wales,Wales,68508,0.6740380685467391,46177,12922,23908,2731,1619,1133,NA,3864,NA,NA,NA,NA,NA,NA
CARLISLE,Cumbria,North West,England,65105,0.6585208509331081,42873,23659,15340,2829,NA,NA,NA,NA,NA,NA,NA,NA,NA,1045
CARMARTHEN EAST AND DINEFWR,Dyfed,Wales,Wales,57419,0.7140841881607134,41002,14130,8622,NA,2311,NA,NA,15939,NA,NA,NA,NA,NA,NA
CARMARTHEN WEST AND SOUTH PEMBROKESHIRE,Dyfed,Wales,Wales,59158,0.7118901923662058,42114,22183,14438,1860,NA,NA,NA,3633,NA,NA,NA,NA,NA,NA
CARSHALTON AND WALLINGTON,London,London,England,72941,0.6731193704500898,49098,20822,6081,20193,1043,759,NA,NA,NA,NA,NA,NA,NA,200
CASTLE POINT,Essex,East,England,69608,0.6360906792322721,44277,33971,7337,2969,NA,NA,NA,NA,NA,NA,NA,NA,NA,NA
CENTRAL AYRSHIRE,NA,Scotland,Scotland,69742,0.6672306501104069,46534,16182,6583,2283,NA,NA,21486,NA,NA,NA,NA,NA,NA,NA
CENTRAL DEVON,Devon,South West,England,74926,0.7750580572831861,58072,32095,14374,8770,NA,2833,NA,NA,NA,NA,NA,NA,NA,NA
CENTRAL SUFFOLK AND NORTH IPSWICH,Suffolk,East,England,80037,0.7027999550208028,56250,35253,11862,6485,NA,2650,NA,NA,NA,NA,NA,NA,NA,NA
CEREDIGION,Dyfed,Wales,Wales,56250,0.7129777777777778,40105,8879,6317,6975,2063,663,NA,15208,NA,NA,NA,NA,NA,NA
CHARNWOOD,Leicestershire,East Midlands,England,79534,0.6961173837604043,55365,35121,12724,4856,NA,2664,NA,NA,NA,NA,NA,NA,NA,NA
CHATHAM AND AYLESFORD,Kent,South East,England,71642,0.6049524022221602,43340,28856,10316,2866,NA,1090,NA,NA,NA,NA,NA,NA,NA,212
CHEADLE,Greater Manchester,North West,England,74577,0.7496010834439573,55903,25694,6851,23358,NA,NA,NA,NA,NA,NA,NA,NA,NA,NA
CHELMSFORD,Essex,East,England,80394,0.710525661118989,57122,31934,10295,14313,NA,NA,NA,NA,NA,NA,NA,NA,NA,580
CHELSEA AND FULHAM,London,London,England,67110,0.6976754582029504,46821,23345,10872,12104,NA,NA,NA,NA,NA,NA,NA,NA,NA,500
CHELTENHAM,Gloucestershire,South West,England,81044,0.7324046197127486,59357,28486,2921,27505,NA,NA,NA,NA,NA,NA,NA,NA,NA,445
CHESHAM AND AMERSHAM,Buckinghamshire,South East,England,72542,0.7676242728350473,55685,30850,7166,14627,NA,3042,NA,NA,NA,NA,NA,NA,NA,NA
CHESTERFIELD,Derbyshire,East Midlands,England,71034,0.6361179153644734,45186,16720,18171,3985,4771,1148,NA,NA,NA,NA,NA,NA,NA,391
CHICHESTER,West Sussex,South East,England,85499,0.716300775447666,61243,35402,9069,13912,NA,2527,NA,NA,NA,NA,NA,NA,NA,333
CHINGFORD AND WOODFORD GREEN,London,London,England,65393,0.7408132368907987,48444,23481,22219,2744,NA,NA,NA,NA,NA,NA,NA,NA,NA,NA
CHIPPENHAM,Wiltshire,South West,England,77221,0.739423213892594,57099,30994,6399,19706,NA,NA,NA,NA,NA,NA,NA,NA,NA,NA
CHIPPING BARNET,London,London,England,79960,0.7199724862431216,57569,25745,24533,5932,NA,1288,NA,NA,NA,NA,NA,NA,NA,71
CHORLEY,Lancashire,North West,England,78177,0.5099965462987835,39870,NA,NA,NA,NA,3600,NA,NA,NA,NA,NA,NA,NA,36270
CHRISTCHURCH,Dorset,South West,England,71520,0.7263842281879195,51951,33894,6568,9277,NA,2212,NA,NA,NA,NA,NA,NA,NA,NA
CITIES OF LONDON AND WESTMINSTER,London,London,England,63700,0.670690737833595,42723,17049,11624,13096,NA,728,NA,NA,NA,NA,NA,NA,NA,226
CITY OF CHESTER,Cheshire,North West,England,76057,0.7173567193026283,54560,20918,27082,3734,1388,1438,NA,NA,NA,NA,NA,NA,NA,NA
CITY OF DURHAM,Durham,North East,England,71271,0.6855382974842502,48859,15506,20531,7935,3252,1635,NA,NA,NA,NA,NA,NA,NA,NA
CLACTON,Essex,East,England,70930,0.6133652897222613,43506,31438,6736,2541,NA,1225,NA,NA,NA,NA,NA,NA,NA,1566
CLEETHORPES,Humberside,Yorkshire and The Humber,England,73689,0.6288455536104439,46339,31969,10551,2535,NA,1284,NA,NA,NA,NA,NA,NA,NA,NA
CLWYD SOUTH,Clwyd,Wales,Wales,53919,0.6733433483558672,36306,16222,14983,1496,1468,NA,NA,2137,NA,NA,NA,NA,NA,NA
CLWYD WEST,Clwyd,Wales,Wales,57714,0.6965900821291194,40203,20403,13656,2237,NA,NA,NA,3907,NA,NA,NA,NA,NA,NA
"COATBRIDGE, CHRYSTON AND BELLSHILL",NA,Scotland,Scotland,72943,0.6610778278930124,48221,6113,17056,1564,NA,808,22680,NA,NA,NA,NA,NA,NA,NA
COLCHESTER,Essex,East,England,82625,0.6459667170953102,53373,26917,17494,7432,NA,1530,NA,NA,NA,NA,NA,NA,NA,NA
COLNE VALLEY,West Yorkshire,Yorkshire and The Humber,England,84174,0.7234062774728538,60892,29482,24379,3815,1268,1068,NA,NA,NA,NA,NA,NA,NA,880
CONGLETON,Cheshire,North West,England,80930,0.7071913999752872,57233,33747,15186,6026,NA,1616,NA,NA,NA,NA,NA,NA,NA,658
COPELAND,Cumbria,North West,England,61693,0.6892678261715267,42523,22856,17014,1888,NA,765,NA,NA,NA,NA,NA,NA,NA,NA
CORBY,Northamptonshire,East Midlands,England,86153,0.7019488584262881,60475,33410,23142,3923,NA,NA,NA,NA,NA,NA,NA,NA,NA,NA
COVENTRY NORTH EAST,West Midlands,West Midlands,England,76006,0.5847433097387048,44444,15720,23412,2061,2110,1141,NA,NA,NA,NA,NA,NA,NA,NA
COVENTRY NORTH WEST,West Midlands,West Midlands,England,75247,0.6344970563610509,47744,20710,20918,2717,1956,1443,NA,NA,NA,NA,NA,NA,NA,NA
COVENTRY SOUTH,West Midlands,West Midlands,England,70979,0.6346102368306119,45044,19143,19544,3398,1432,1092,NA,NA,NA,NA,NA,NA,NA,435
CRAWLEY,West Sussex,South East,England,74207,0.6724298246796124,49899,27040,18680,2728,NA,1451,NA,NA,NA,NA,NA,NA,NA,NA
CREWE AND NANTWICH,Cheshire,North West,England,80321,0.6727007880877978,54032,28704,20196,2618,1390,975,NA,NA,NA,NA,NA,NA,NA,149
CROYDON CENTRAL,London,London,England,81407,0.6638863979756041,54045,21175,27124,3532,999,1215,NA,NA,NA,NA,NA,NA,NA,NA
CROYDON NORTH,London,London,England,88468,0.628577564769182,55609,11822,36495,4476,839,1629,NA,NA,NA,NA,NA,NA,NA,348
CROYDON SOUTH,London,London,England,83982,0.7067943130670858,59358,30985,18646,7503,NA,1782,NA,NA,NA,NA,NA,NA,NA,442
"CUMBERNAULD, KILSYTH AND KIRKINTILLOCH EAST",NA,Scotland,Scotland,66079,0.6913845548510117,45686,7380,11182,2966,NA,NA,24158,NA,NA,NA,NA,NA,NA,NA
CYNON VALLEY,Gwent and Mid Glamorgan,Wales,Wales,51134,0.5913091093988344,30236,6711,15533,949,3045,NA,NA,2562,NA,NA,NA,NA,NA,1436
DAGENHAM AND RAINHAM,London,London,England,71045,0.6155957491730594,43735,19175,19468,1182,2887,602,NA,NA,NA,NA,NA,NA,NA,421
DARLINGTON,Durham,North East,England,66397,0.6551199602391674,43498,20901,17607,2097,1544,1057,NA,NA,NA,NA,NA,NA,NA,292
DARTFORD,Kent,South East,England,82209,0.6571421620503838,54023,34006,14846,3736,NA,1435,NA,NA,NA,NA,NA,NA,NA,NA
DAVENTRY,Northamptonshire,East Midlands,England,77423,0.7414205081177427,57403,37055,10975,7032,NA,2341,NA,NA,NA,NA,NA,NA,NA,NA
DELYN,Clwyd,Wales,Wales,54560,0.7032624633431085,38370,16756,15891,2346,1971,NA,NA,1406,NA,NA,NA,NA,NA,NA
DENTON AND REDDISH,Greater Manchester,North West,England,66234,0.5826010810157924,38588,13142,19317,1642,3039,1124,NA,NA,NA,NA,NA,NA,NA,324
DERBY NORTH,Derbyshire,East Midlands,England,73199,0.6423175179988798,47017,21259,18719,3450,1908,1046,NA,NA,NA,NA,NA,NA,NA,635
DERBYSHIRE DALES,Derbyshire,East Midlands,England,65080,0.7685310387215735,50016,29356,11975,6627,NA,2058,NA,NA,NA,NA,NA,NA,NA,NA
DERBY SOUTH,Derbyshire,East Midlands,England,73062,0.5811776299581177,42462,15671,21690,2621,2480,NA,NA,NA,NA,NA,NA,NA,NA,NA
DEVIZES,Wiltshire,South West,England,73372,0.6944611023278635,50954,32150,7838,8157,NA,2809,NA,NA,NA,NA,NA,NA,NA,NA
DEWSBURY,West Yorkshire,Yorkshire and The Humber,England,81253,0.69399283718755,56389,26179,24618,2406,1874,1060,NA,NA,NA,NA,NA,NA,NA,252
DONCASTER CENTRAL,South Yorkshire,Yorkshire and The Humber,England,71389,0.5824566810012747,41581,14360,16638,1748,6842,981,NA,NA,NA,NA,NA,NA,NA,1012
DONCASTER NORTH,South Yorkshire,Yorkshire and The Humber,England,72362,0.5624222658301319,40698,13370,15740,1476,8294,NA,NA,NA,NA,NA,NA,NA,NA,1818
DON VALLEY,South Yorkshire,Yorkshire and The Humber,England,75356,0.6029645947237114,45437,19609,15979,1907,6247,872,NA,NA,NA,NA,NA,NA,NA,823
DOVER,Kent,South East,England,76355,0.664016763800668,50701,28830,16552,2895,NA,1371,NA,NA,NA,NA,NA,NA,NA,1053
DUDLEY NORTH,West Midlands,West Midlands,England,61936,0.5922888142598811,36684,23134,11601,1210,NA,739,NA,NA,NA,NA,NA,NA,NA,NA
DUDLEY SOUTH,West Midlands,West Midlands,England,60731,0.6022624359882103,36576,24835,9270,1608,NA,863,NA,NA,NA,NA,NA,NA,NA,NA
DULWICH AND WEST NORWOOD,London,London,England,80331,0.6943521181113145,55778,9160,36521,NA,571,9211,NA,NA,NA,NA,NA,NA,NA,315
DUMFRIES AND GALLOWAY,NA,Scotland,Scotland,74580,0.6895816572807724,51429,22678,4745,3133,NA,NA,20873,NA,NA,NA,NA,NA,NA,NA
"DUMFRIESSHIRE, CLYDESDALE AND TWEEDDALE",NA,Scotland,Scotland,68330,0.7193472852334261,49153,22611,4172,3540,NA,NA,18830,NA,NA,NA,NA,NA,NA,NA
DUNDEE EAST,NA,Scotland,Scotland,66210,0.6838392991995167,45277,10986,6045,3573,NA,NA,24361,NA,NA,NA,NA,NA,NA,312
DUNDEE WEST,NA,Scotland,Scotland,64431,0.6453260076671168,41579,5149,10096,2468,1271,NA,22355,NA,NA,NA,NA,NA,NA,240
DUNFERMLINE AND WEST FIFE,NA,Scotland,Scotland,76652,0.697724782132234,53482,11207,13028,4262,NA,1258,23727,NA,NA,NA,NA,NA,NA,NA
DWYFOR MEIRIONNYDD,Gwynedd,Wales,Wales,44362,0.6746314413236554,29928,9707,3998,NA,1776,NA,NA,14447,NA,NA,NA,NA,NA,NA
EALING CENTRAL AND ACTON,London,London,England,75510,0.7258243941199841,54807,14832,28132,9444,664,1735,NA,NA,NA,NA,NA,NA,NA,NA
EALING NORTH,London,London,England,74473,0.6664294442281096,49631,15767,28036,4370,NA,1458,NA,NA,NA,NA,NA,NA,NA,NA
"EALING, SOUTHALL",London,London,England,64581,0.6537061984174912,42217,9594,25678,3933,867,1688,NA,NA,NA,NA,NA,NA,NA,457
EASINGTON,Durham,North East,England,61182,0.5652479487430944,34583,9142,15723,1526,6744,NA,NA,NA,NA,NA,NA,NA,NA,1448
EAST ANTRIM,NA,Northern Ireland,Northern Ireland,64830,0.5747493444393028,37261,1043,NA,NA,NA,685,NA,NA,16871,2120,902,5475,10165,NA
EASTBOURNE,East Sussex,South East,England,79307,0.6951971452709093,55134,26951,3848,22620,1530,NA,NA,NA,NA,NA,NA,NA,NA,185
EAST DEVON,Devon,South West,England,87168,0.7350518538913363,64073,32577,2870,1771,NA,711,NA,NA,NA,NA,NA,NA,NA,26144
EAST DUNBARTONSHIRE,NA,Scotland,Scotland,66075,0.8025879682179342,53031,7455,4839,19523,NA,916,19672,NA,NA,NA,NA,NA,NA,626
EAST HAM,London,London,England,88319,0.618530554014425,54628,8527,41703,2158,1107,883,NA,NA,NA,NA,NA,NA,NA,250
EAST HAMPSHIRE,Hampshire,South East,England,76478,0.7439394335625932,56895,33446,6287,13750,NA,2600,NA,NA,NA,NA,NA,NA,NA,812
"EAST KILBRIDE, STRATHAVEN AND LESMAHAGOW",NA,Scotland,Scotland,81224,0.6936004136708362,56337,11961,12791,3760,NA,1153,26113,NA,NA,NA,NA,NA,NA,559
EASTLEIGH,Hampshire,South East,England,83880,0.7030400572246066,58971,32690,7559,17083,NA,1639,NA,NA,NA,NA,NA,NA,NA,NA
EAST LONDONDERRY,NA,Northern Ireland,Northern Ireland,69246,0.5675706900037547,39302,NA,NA,NA,NA,NA,NA,NA,15765,6128,6158,3599,5921,1731
EAST LOTHIAN,NA,Scotland,Scotland,81600,0.7170710784313725,58513,15523,17270,4071,NA,NA,21156,NA,NA,NA,NA,NA,NA,493
EAST RENFREWSHIRE,NA,Scotland,Scotland,72232,0.7663777827001883,55357,19451,6855,4174,NA,NA,24877,NA,NA,NA,NA,NA,NA,NA
EAST SURREY,Surrey,South East,England,83148,0.7178765574637995,59690,35624,8247,11584,NA,2340,NA,NA,NA,NA,NA,NA,NA,1895
EAST WORTHING AND SHOREHAM,West Sussex,South East,England,75194,0.7065457350320504,53128,27107,19633,4127,NA,2006,NA,NA,NA,NA,NA,NA,NA,255
EAST YORKSHIRE,Humberside,Yorkshire and The Humber,England,80923,0.6520890228983107,52769,33988,11201,4219,NA,1675,NA,NA,NA,NA,NA,NA,NA,1686
EDDISBURY,Cheshire,North West,England,73700,0.7187381275440977,52971,30095,11652,9582,NA,1191,NA,NA,NA,NA,NA,NA,NA,451
EDINBURGH EAST,NA,Scotland,Scotland,69424,0.6887387646923254,47815,6549,12748,3289,NA,2064,23165,NA,NA,NA,NA,NA,NA,NA
EDINBURGH NORTH AND LEITH,NA,Scotland,Scotland,81336,0.7296154224451658,59344,11000,13117,6635,558,1971,25925,NA,NA,NA,NA,NA,NA,138
EDINBURGH SOUTH,NA,Scotland,Scotland,66188,0.7513748715779295,49732,8161,23745,3819,NA,1357,12650,NA,NA,NA,NA,NA,NA,NA
EDINBURGH SOUTH WEST,NA,Scotland,Scotland,73501,0.7092556563856274,52131,12848,7478,4971,625,1265,24830,NA,NA,NA,NA,NA,NA,114
EDINBURGH WEST,NA,Scotland,Scotland,72507,0.7521066931468686,54533,9283,4460,21766,NA,1027,17997,NA,NA,NA,NA,NA,NA,NA
EDMONTON,London,London,England,65747,0.6135793268133908,40341,10202,26217,2145,840,862,NA,NA,NA,NA,NA,NA,NA,75
ELLESMERE PORT AND NESTON,Cheshire,North West,England,70327,0.6931335049127647,48746,17237,26001,2406,2138,964,NA,NA,NA,NA,NA,NA,NA,NA
ELMET AND ROTHWELL,West Yorkshire,Yorkshire and The Humber,England,80957,0.7192089627827118,58225,33726,16373,5155,NA,1775,NA,NA,NA,NA,NA,NA,NA,1196
ELTHAM,London,London,England,64086,0.6817245576256905,43689,17353,20550,2941,1523,1322,NA,NA,NA,NA,NA,NA,NA,NA
ENFIELD NORTH,London,London,England,68301,0.6595803868171769,45050,16848,23340,2950,797,1115,NA,NA,NA,NA,NA,NA,NA,NA
"ENFIELD, SOUTHGATE",London,London,England,65525,0.721495612361694,47276,18473,22923,4344,494,1042,NA,NA,NA,NA,NA,NA,NA,NA
EPPING FOREST,Essex,East,England,74304,0.6765180878552972,50268,32364,10191,5387,NA,1975,NA,NA,NA,NA,NA,NA,NA,351
EPSOM AND EWELL,Surrey,South East,England,81138,0.7327146343267027,59451,31819,10226,13946,NA,2047,NA,NA,NA,NA,NA,NA,NA,1413
EREWASH,Derbyshire,East Midlands,England,72523,0.673083021937868,48814,27560,16954,2487,NA,1115,NA,NA,NA,NA,NA,NA,NA,698
ERITH AND THAMESMEAD,London,London,England,65399,0.6327925503448065,41384,16124,19882,1984,2246,876,NA,NA,NA,NA,NA,NA,NA,272
ESHER AND WALTON,Surrey,South East,England,81184,0.7770496649586125,63084,31132,2838,28389,NA,NA,NA,NA,NA,NA,NA,NA,NA,725
EXETER,Devon,South West,England,82054,0.6848173154264265,56192,19479,29882,NA,1428,4838,NA,NA,NA,NA,NA,NA,NA,565
FALKIRK,NA,Scotland,Scotland,84472,0.6614262714272184,55872,14403,6243,3990,NA,1885,29351,NA,NA,NA,NA,NA,NA,NA
FAREHAM,Hampshire,South East,England,78337,0.7308168553812375,57250,36459,10373,8006,NA,2412,NA,NA,NA,NA,NA,NA,NA,NA
FAVERSHAM AND MID KENT,Kent,South East,England,73403,0.6865386973284471,50394,31864,9888,6170,NA,2103,NA,NA,NA,NA,NA,NA,NA,369
FELTHAM AND HESTON,London,London,England,80934,0.5907406034546667,47811,17017,24876,3127,1658,1133,NA,NA,NA,NA,NA,NA,NA,NA
FERMANAGH AND SOUTH TYRONE,NA,Northern Ireland,Northern Ireland,72848,0.6968207775093345,50762,NA,NA,NA,NA,NA,NA,NA,NA,21986,3446,21929,2650,751
FILTON AND BRADLEY STOKE,Avon,South West,England,74016,0.7262213575443147,53752,26293,20647,4992,NA,1563,NA,NA,NA,NA,NA,NA,NA,257
FINCHLEY AND GOLDERS GREEN,London,London,England,77573,0.7104147061477576,55109,24162,13347,17600,NA,NA,NA,NA,NA,NA,NA,NA,NA,NA
FOLKESTONE AND HYTHE,Kent,South East,England,88272,0.6684452601051296,59005,35483,14146,5755,NA,2706,NA,NA,NA,NA,NA,NA,NA,915
FOREST OF DEAN,Gloucestershire,South West,England,71438,0.7205548867549484,51475,30680,14811,NA,NA,4681,NA,NA,NA,NA,NA,NA,NA,1303
FOYLE,NA,Northern Ireland,Northern Ireland,74346,0.6341161595781885,47144,NA,NA,NA,NA,NA,NA,NA,4773,9771,26881,1088,1267,3364
FYLDE,Lancashire,North West,England,66847,0.6979969183359014,46659,28432,11821,3748,NA,1731,NA,NA,NA,NA,NA,NA,NA,927
GAINSBOROUGH,Lincolnshire,East Midlands,England,76343,0.6686402158678595,51046,33893,10926,5157,NA,NA,NA,NA,NA,NA,NA,NA,NA,1070
GARSTON AND HALEWOOD,Merseyside,North West,England,76116,0.7005885753323874,53326,6954,38578,3324,2943,1183,NA,NA,NA,NA,NA,NA,NA,344
GATESHEAD,Tyne and Wear,North East,England,64449,0.5918633337988176,38145,13250,20450,2792,NA,1653,NA,NA,NA,NA,NA,NA,NA,NA
GEDLING,Nottinghamshire,East Midlands,England,71366,0.6999551607207914,49953,22718,22039,2279,1820,1097,NA,NA,NA,NA,NA,NA,NA,NA
GILLINGHAM AND RAINHAM,Kent,South East,England,73549,0.6248623366735102,45958,28173,13054,2503,NA,1043,NA,NA,NA,NA,NA,NA,NA,1185
GLASGOW CENTRAL,NA,Scotland,Scotland,69230,0.5793008811209014,40105,3698,13276,1952,NA,1429,19750,NA,NA,NA,NA,NA,NA,NA
GLASGOW EAST,NA,Scotland,Scotland,67381,0.5711253914308188,38483,5709,12791,1626,NA,NA,18357,NA,NA,NA,NA,NA,NA,NA
GLASGOW NORTH,NA,Scotland,Scotland,57130,0.6334850341326799,36191,3806,11381,2394,320,1308,16982,NA,NA,NA,NA,NA,NA,NA
GLASGOW NORTH EAST,NA,Scotland,Scotland,61075,0.5554645927138764,33925,3558,13363,1093,NA,NA,15911,NA,NA,NA,NA,NA,NA,NA
GLASGOW NORTH WEST,NA,Scotland,Scotland,63402,0.6267152455758493,39735,6022,11319,2716,NA,NA,19678,NA,NA,NA,NA,NA,NA,NA
GLASGOW SOUTH,NA,Scotland,Scotland,70891,0.6692386903838287,47443,6237,13824,2786,516,1251,22829,NA,NA,NA,NA,NA,NA,NA
GLASGOW SOUTH WEST,NA,Scotland,Scotland,64575,0.5706078203639179,36847,4224,12743,1435,802,NA,17643,NA,NA,NA,NA,NA,NA,NA
GLENROTHES,NA,Scotland,Scotland,65672,0.6326288220246071,41546,6920,9477,2639,1276,NA,21234,NA,NA,NA,NA,NA,NA,NA
GLOUCESTER,Gloucestershire,South West,England,81319,0.6611493009013883,53764,29159,18882,4338,NA,1385,NA,NA,NA,NA,NA,NA,NA,NA
GORDON,NA,Scotland,Scotland,79629,0.7022064825628854,55916,23066,3052,5913,NA,NA,23885,NA,NA,NA,NA,NA,NA,NA
GOSPORT,Hampshire,South East,England,73541,0.6588569641424511,48453,32226,8948,5473,NA,1806,NA,NA,NA,NA,NA,NA,NA,NA
GOWER,West Glamorgan,Wales,Wales,61762,0.7202163142385285,44482,18371,20208,2236,1379,NA,NA,2288,NA,NA,NA,NA,NA,NA
GRANTHAM AND STAMFORD,Lincolnshire,East Midlands,England,81502,0.6871365119874359,56003,36794,10791,6153,NA,2265,NA,NA,NA,NA,NA,NA,NA,NA
GRAVESHAM,Kent,South East,England,73242,0.6493541956800742,47560,29580,13999,2584,NA,1397,NA,NA,NA,NA,NA,NA,NA,NA
GREAT GRIMSBY,Humberside,Yorkshire and The Humber,England,61409,0.5387972447035451,33087,18150,10819,1070,2378,514,NA,NA,NA,NA,NA,NA,NA,156
GREAT YARMOUTH,Norfolk,East,England,71957,0.6039996108787192,43462,28593,10930,1661,NA,1064,NA,NA,NA,NA,NA,NA,NA,1214
GREENWICH AND WOOLWICH,London,London,England,79997,0.664024900933785,53120,11721,30185,7253,1228,2363,NA,NA,NA,NA,NA,NA,NA,370
GUILDFORD,Surrey,South East,England,77729,0.75455750106138,58651,26317,4515,22980,NA,NA,NA,NA,NA,NA,NA,NA,NA,4839
HACKNEY NORTH AND STOKE NEWINGTON,London,London,England,92462,0.6149985940170016,56864,6784,39972,4283,609,4989,NA,NA,NA,NA,NA,NA,NA,227
HACKNEY SOUTH AND SHOREDITCH,London,London,England,89387,0.609025920995223,54439,5899,39884,4853,744,2948,NA,NA,NA,NA,NA,NA,NA,111
HALESOWEN AND ROWLEY REGIS,West Midlands,West Midlands,England,68300,0.6199853587115666,42345,25607,13533,1738,NA,934,NA,NA,NA,NA,NA,NA,NA,533
HALIFAX,West Yorkshire,Yorkshire and The Humber,England,71887,0.6462642758774187,46458,18927,21496,2276,2813,946,NA,NA,NA,NA,NA,NA,NA,NA
HALTEMPRICE AND HOWDEN,Humberside,Yorkshire and The Humber,England,71083,0.7002940224807619,49779,31045,10716,5215,NA,1764,NA,NA,NA,NA,NA,NA,NA,1039
HALTON,Cheshire,North West,England,71930,0.6423328235784791,46203,10358,29333,1800,3730,982,NA,NA,NA,NA,NA,NA,NA,NA
HAMMERSMITH,London,London,England,74759,0.6951136318035287,51966,12227,30074,6947,974,1744,NA,NA,NA,NA,NA,NA,NA,NA
HAMPSTEAD AND KILBURN,London,London,England,86571,0.6628663178200552,57385,13892,28080,13121,684,1608,NA,NA,NA,NA,NA,NA,NA,NA
HARBOROUGH,Leicestershire,East Midlands,England,80151,0.7151376776334668,57319,31698,14420,9103,NA,1709,NA,NA,NA,NA,NA,NA,NA,389
HARLOW,Essex,East,England,68078,0.6368283439584007,43354,27510,13447,2397,NA,NA,NA,NA,NA,NA,NA,NA,NA,NA
HARROGATE AND KNARESBOROUGH,North Yorkshire,Yorkshire and The Humber,England,77941,0.7305141068243928,56937,29962,5480,20287,NA,NA,NA,NA,NA,NA,NA,NA,NA,1208
HARROW EAST,London,London,England,72106,0.6863645189027265,49491,26935,18765,3791,NA,NA,NA,NA,NA,NA,NA,NA,NA,NA
HARROW WEST,London,London,England,72464,0.6613214837712519,47922,16440,25132,4310,931,1109,NA,NA,NA,NA,NA,NA,NA,NA
HARTLEPOOL,Cleveland,North East,England,70855,0.5791687248606309,41037,11869,15464,1696,10603,NA,NA,NA,NA,NA,NA,NA,NA,1405
HARWICH AND NORTH ESSEX,Essex,East,England,74153,0.7007538467762598,51963,31830,11648,5866,NA,1945,NA,NA,NA,NA,NA,NA,NA,674
HASTINGS AND RYE,East Sussex,South East,England,80524,0.6740102329740202,54274,26896,22853,3960,NA,NA,NA,NA,NA,NA,NA,NA,NA,565
HAVANT,Hampshire,South East,England,72103,0.637407597464738,45959,30051,8259,5708,NA,1597,NA,NA,NA,NA,NA,NA,NA,344
HAYES AND HARLINGTON,London,London,England,72357,0.608013046422599,43994,15284,24545,1947,1292,739,NA,NA,NA,NA,NA,NA,NA,187
HAZEL GROVE,Greater Manchester,North West,England,63346,0.6988444416379882,44269,21592,5508,17169,NA,NA,NA,NA,NA,NA,NA,NA,NA,NA
HEMEL HEMPSTEAD,Hertfordshire,East,England,74035,0.6925238063078274,51271,28968,14405,6317,NA,1581,NA,NA,NA,NA,NA,NA,NA,NA
HEMSWORTH,West Yorkshire,Yorkshire and The Humber,England,73726,0.5955429563518976,43907,15280,16460,1734,5930,916,NA,NA,NA,NA,NA,NA,NA,3587
HENDON,London,London,England,82661,0.6662755108213063,55075,26878,22648,4628,NA,921,NA,NA,NA,NA,NA,NA,NA,NA
HENLEY,Oxfordshire,South East,England,76646,0.7666283954805209,58759,32189,5698,18136,NA,2736,NA,NA,NA,NA,NA,NA,NA,NA
HEREFORD AND SOUTH HEREFORDSHIRE,Hereford and Worcester,West Midlands,England,72085,0.6887147117985711,49646,30390,10704,6181,NA,2371,NA,NA,NA,NA,NA,NA,NA,NA
HERTFORD AND STORTFORD,Hertfordshire,East,England,81765,0.7349599461872439,60094,33712,14092,8596,NA,2705,NA,NA,NA,NA,NA,NA,NA,989
HERTSMERE,Hertfordshire,East,England,73971,0.7057225128766679,52203,32651,11338,6561,NA,1653,NA,NA,NA,NA,NA,NA,NA,NA
HEXHAM,Northumberland,North East,England,61324,0.7525601722001174,46150,25152,14603,4672,NA,1723,NA,NA,NA,NA,NA,NA,NA,NA
HEYWOOD AND MIDDLETON,Greater Manchester,North West,England,80162,0.592400389211846,47488,20453,19790,2073,3952,1220,NA,NA,NA,NA,NA,NA,NA,NA
HIGH PEAK,Derbyshire,East Midlands,England,74265,0.7294553288897866,54173,24844,24254,2750,1177,1148,NA,NA,NA,NA,NA,NA,NA,NA
HITCHIN AND HARPENDEN,Hertfordshire,East,England,76323,0.7713402250959737,58871,27719,9959,20824,NA,NA,NA,NA,NA,NA,NA,NA,NA,369
HOLBORN AND ST PANCRAS,London,London,England,86061,0.659834303575371,56786,8878,36641,7314,1032,2746,NA,NA,NA,NA,NA,NA,NA,175
HORNCHURCH AND UPMINSTER,London,London,England,80765,0.6682845291896242,53974,35495,12187,3862,NA,1920,NA,NA,NA,NA,NA,NA,NA,510
HORNSEY AND WOOD GREEN,London,London,England,81814,0.7468770626054221,61105,6829,35126,15884,763,2192,NA,NA,NA,NA,NA,NA,NA,311
HORSHAM,West Sussex,South East,England,86730,0.7291825204658134,63242,35900,9424,14773,NA,2668,NA,NA,NA,NA,NA,NA,NA,477
HOUGHTON AND SUNDERLAND SOUTH,Tyne and Wear,North East,England,68835,0.5783540350112588,39811,13095,16210,2319,6165,1125,NA,NA,NA,NA,NA,NA,NA,897
HOVE,East Sussex,South East,England,74313,0.7588308909612046,56391,15832,32876,3731,1111,2496,NA,NA,NA,NA,NA,NA,NA,345
HUDDERSFIELD,West Yorkshire,Yorkshire and The Humber,England,65525,0.6391758870660054,41882,15572,20509,2367,1666,1768,NA,NA,NA,NA,NA,NA,NA,NA
HUNTINGDON,Cambridgeshire,East,England,84657,0.698666383169732,59147,32386,13003,9432,NA,2233,NA,NA,NA,NA,NA,NA,NA,2093
HYNDBURN,Lancashire,North West,England,70842,0.5985997007424974,42406,20565,17614,1226,2156,845,NA,NA,NA,NA,NA,NA,NA,NA
ILFORD NORTH,London,London,England,72973,0.6867471530566099,50114,20105,25323,2680,960,845,NA,NA,NA,NA,NA,NA,NA,201
ILFORD SOUTH,London,London,England,84972,0.6293484912677118,53477,10984,35085,1795,1008,714,NA,NA,NA,NA,NA,NA,NA,3891
INVERCLYDE,NA,Scotland,Scotland,60622,0.6582263864603609,39903,6265,11783,2560,NA,NA,19295,NA,NA,NA,NA,NA,NA,NA
"INVERNESS, NAIRN, BADENOCH AND STRATHSPEY",NA,Scotland,Scotland,78059,0.7021611857697383,54810,15807,4123,5846,1078,1709,26247,NA,NA,NA,NA,NA,NA,NA
IPSWICH,Suffolk,East,England,75525,0.656458126448196,49579,24952,19473,2439,1432,1283,NA,NA,NA,NA,NA,NA,NA,NA
ISLE OF WIGHT,Isle of Wight,South East,England,113021,0.6586563558984614,74442,41815,18078,NA,NA,11338,NA,NA,NA,NA,NA,NA,NA,3211
ISLINGTON NORTH,London,London,England,75162,0.7158537558872835,53805,5483,34603,8415,742,4326,NA,NA,NA,NA,NA,NA,NA,236
ISLINGTON SOUTH AND FINSBURY,London,London,England,70489,0.6783469761239342,47816,8045,26897,9569,1136,1987,NA,NA,NA,NA,NA,NA,NA,182
ISLWYN,Gwent and Mid Glamorgan,Wales,Wales,55423,0.6197787921981849,34350,9892,15356,1313,4834,669,NA,2286,NA,NA,NA,NA,NA,NA
JARROW,Tyne and Wear,North East,England,65103,0.6257161728338172,40736,11243,18363,2360,4122,831,NA,NA,NA,NA,NA,NA,NA,3817
KEIGHLEY,West Yorkshire,Yorkshire and The Humber,England,72778,0.7227458847453901,52600,25298,23080,2573,850,NA,NA,NA,NA,NA,NA,NA,NA,799
KENILWORTH AND SOUTHAM,Warwickshire,West Midlands,England,68154,0.7717375355811837,52597,30351,9440,9998,NA,2351,NA,NA,NA,NA,NA,NA,NA,457
KENSINGTON,London,London,England,64609,0.677335974864183,43762,16768,16618,9312,384,535,NA,NA,NA,NA,NA,NA,NA,145
KETTERING,Northamptonshire,East Midlands,England,73164,0.6746624022743426,49361,29787,13022,3367,NA,1543,NA,NA,NA,NA,NA,NA,NA,1642
KILMARNOCK AND LOUDOUN,NA,Scotland,Scotland,74517,0.6391964249768509,47631,11557,9009,2444,NA,NA,24216,NA,NA,NA,NA,NA,NA,405
KINGSTON AND SURBITON,London,London,England,81975,0.7422506861848125,60846,20614,6528,31103,788,1038,NA,NA,NA,NA,NA,NA,NA,775
KINGSTON UPON HULL EAST,Humberside,Yorkshire and The Humber,England,65745,0.4934519735341091,32442,11474,12713,1707,5764,784,NA,NA,NA,NA,NA,NA,NA,NA
KINGSTON UPON HULL NORTH,Humberside,Yorkshire and The Humber,England,65515,0.5220636495459056,34203,9440,17033,2084,4771,875,NA,NA,NA,NA,NA,NA,NA,NA
KINGSTON UPON HULL WEST AND HESSLE,Humberside,Yorkshire and The Humber,England,60192,0.520933014354067,31356,10528,13384,1756,5638,50,NA,NA,NA,NA,NA,NA,NA,NA
KINGSWOOD,Avon,South West,England,68972,0.7149857913356145,49314,27712,16492,3421,NA,1200,NA,NA,NA,NA,NA,NA,NA,489
KIRKCALDY AND COWDENBEATH,NA,Scotland,Scotland,72853,0.6452033547005614,47005,9449,15325,2903,1132,1628,16568,NA,NA,NA,NA,NA,NA,NA
KNOWSLEY,Merseyside,North West,England,84082,0.653385980352513,54938,4432,44374,1117,3348,1262,NA,NA,NA,NA,NA,NA,NA,405
LAGAN VALLEY,NA,Northern Ireland,Northern Ireland,75735,0.5995246583481878,45405,955,NA,NA,NA,NA,NA,NA,19586,1098,1758,8606,13087,315
LANARK AND HAMILTON EAST,NA,Scotland,Scotland,77659,0.6833979319847023,53072,17056,10736,3037,NA,NA,22243,NA,NA,NA,NA,NA,NA,NA
LANCASTER AND FLEETWOOD,Lancashire,North West,England,70059,0.6454416991392968,45219,18804,21184,2018,1817,1396,NA,NA,NA,NA,NA,NA,NA,NA
LEEDS CENTRAL,West Yorkshire,Yorkshire and The Humber,England,90971,0.5417550648008707,49284,11143,30413,2343,2999,2105,NA,NA,NA,NA,NA,NA,NA,281
LEEDS EAST,West Yorkshire,Yorkshire and The Humber,England,67286,0.5803881936807063,39052,13933,19464,1796,2981,878,NA,NA,NA,NA,NA,NA,NA,NA
LEEDS NORTH EAST,West Yorkshire,Yorkshire and The Humber,England,70580,0.7155001416831964,50500,11935,29024,5665,1769,1931,NA,NA,NA,NA,NA,NA,NA,176
LEEDS NORTH WEST,West Yorkshire,Yorkshire and The Humber,England,67741,0.7275209990995114,49283,13222,23971,9397,1304,1389,NA,NA,NA,NA,NA,NA,NA,NA
LEEDS WEST,West Yorkshire,Yorkshire and The Humber,England,67727,0.594755415122477,40281,11622,22186,1787,2685,1274,NA,NA,NA,NA,NA,NA,NA,727
LEICESTER EAST,Leicestershire,East Midlands,England,78433,0.630104675327987,49421,19071,25090,2800,1243,888,NA,NA,NA,NA,NA,NA,NA,329
LEICESTER SOUTH,Leicestershire,East Midlands,England,77708,0.6453260925516034,50147,10931,33606,2754,1187,1669,NA,NA,NA,NA,NA,NA,NA,NA
LEICESTER WEST,Leicestershire,East Midlands,England,64940,0.5354943024330151,34775,13079,17291,1808,1620,977,NA,NA,NA,NA,NA,NA,NA,NA
LEIGH,Greater Manchester,North West,England,77417,0.606830541095625,46979,21266,19301,2252,3161,NA,NA,NA,NA,NA,NA,NA,NA,999
LEWES,East Sussex,South East,England,71503,0.7671146665174888,54851,26268,3206,23811,NA,1453,NA,NA,NA,NA,NA,NA,NA,113
"LEWISHAM, DEPTFORD",London,London,England,80631,0.6866837816720616,55368,6303,39216,5774,789,3085,NA,NA,NA,NA,NA,NA,NA,201
LEWISHAM EAST,London,London,England,67857,0.660432969332567,44815,9653,26661,5039,1234,1706,NA,NA,NA,NA,NA,NA,NA,522
LEWISHAM WEST AND PENGE,London,London,England,74617,0.6982323063108943,52100,10317,31860,6260,1060,2390,NA,NA,NA,NA,NA,NA,NA,213
LEYTON AND WANSTEAD,London,London,England,64852,0.6869024856596558,44547,8028,28836,4666,785,1805,NA,NA,NA,NA,NA,NA,NA,427
LICHFIELD,Staffordshire,West Midlands,England,76616,0.7047222512268978,53993,34844,11206,5632,NA,1743,NA,NA,NA,NA,NA,NA,NA,568
LINCOLN,Lincolnshire,East Midlands,England,74942,0.6755757786021189,50629,24267,20753,2422,1079,1195,NA,NA,NA,NA,NA,NA,NA,913
LINLITHGOW AND EAST FALKIRK,NA,Scotland,Scotland,87044,0.6637447727586049,57775,14285,10517,4393,1257,1184,25551,NA,NA,NA,NA,NA,NA,588
"LIVERPOOL, RIVERSIDE",Merseyside,North West,England,80310,0.6573154028140954,52789,4127,41170,2696,1779,3017,NA,NA,NA,NA,NA,NA,NA,NA
"LIVERPOOL, WALTON",Merseyside,North West,England,62628,0.6512422558599987,40786,4018,34538,756,NA,814,NA,NA,NA,NA,NA,NA,NA,660
"LIVERPOOL, WAVERTREE",Merseyside,North West,England,63458,0.6835544769768981,43377,4225,31310,4055,1921,1365,NA,NA,NA,NA,NA,NA,NA,501
"LIVERPOOL, WEST DERBY",Merseyside,North West,England,65640,0.6701553930530164,43989,4133,34117,1296,2012,605,NA,NA,NA,NA,NA,NA,NA,1826
LIVINGSTON,NA,Scotland,Scotland,82285,0.6634502035607948,54592,12182,11915,3457,NA,1421,25617,NA,NA,NA,NA,NA,NA,NA
LLANELLI,Dyfed,Wales,Wales,60518,0.6317624508410721,38233,11455,16125,NA,3605,NA,NA,7048,NA,NA,NA,NA,NA,NA
LOUGHBOROUGH,Leicestershire,East Midlands,England,79764,0.6849079785366832,54631,27954,20785,4153,NA,1504,NA,NA,NA,NA,NA,NA,NA,235
LOUTH AND HORNCASTLE,Lincolnshire,East Midlands,England,79634,0.6571564909460783,52332,38021,9153,4114,NA,NA,NA,NA,NA,NA,NA,NA,NA,1044
LUDLOW,Shropshire,West Midlands,England,69444,0.7232446287656241,50225,32185,7591,8537,NA,1912,NA,NA,NA,NA,NA,NA,NA,NA
LUTON NORTH,Bedfordshire,East,England,68185,0.6246095182224829,42589,14249,23496,2063,1215,771,NA,NA,NA,NA,NA,NA,NA,795
LUTON SOUTH,Bedfordshire,East,England,69338,0.6066514753814647,42064,13031,21787,NA,1601,995,NA,NA,NA,NA,NA,NA,NA,4650
MACCLESFIELD,Cheshire,North West,England,76216,0.7067676078513698,53867,28292,17581,5684,NA,2310,NA,NA,NA,NA,NA,NA,NA,NA
MAIDENHEAD,Berkshire,South East,England,76668,0.7368393593154902,56492,32620,7882,13774,NA,2216,NA,NA,NA,NA,NA,NA,NA,NA
MAIDSTONE AND THE WEALD,Kent,South East,England,76109,0.6790261335715881,51680,31220,9448,8482,NA,2172,NA,NA,NA,NA,NA,NA,NA,358
MAKERFIELD,Greater Manchester,North West,England,74190,0.5965628790942176,44259,15214,19954,2108,5817,1166,NA,NA,NA,NA,NA,NA,NA,NA
MALDON,Essex,East,England,72438,0.6958778541649411,50408,36304,6263,5990,NA,1851,NA,NA,NA,NA,NA,NA,NA,NA
MANCHESTER CENTRAL,Greater Manchester,North West,England,92247,0.5668368619033681,52289,7734,36823,3420,2335,1870,NA,NA,NA,NA,NA,NA,NA,107
"MANCHESTER, GORTON",Greater Manchester,North West,England,76419,0.5829047749905129,44545,4244,34583,2448,1573,1697,NA,NA,NA,NA,NA,NA,NA,NA
"MANCHESTER, WITHINGTON",Greater Manchester,North West,England,76530,0.6924735397883183,52995,5820,35902,7997,1308,1968,NA,NA,NA,NA,NA,NA,NA,NA
MANSFIELD,Nottinghamshire,East Midlands,England,77131,0.6388222634219705,49273,31484,15178,1626,NA,NA,NA,NA,NA,NA,NA,NA,NA,985
MEON VALLEY,Hampshire,South East,England,75737,0.7239394219470008,54829,35271,5644,11716,NA,2198,NA,NA,NA,NA,NA,NA,NA,NA
MERIDEN,West Midlands,West Midlands,England,85368,0.6344414769000094,54161,34358,11522,5614,NA,2667,NA,NA,NA,NA,NA,NA,NA,NA
MERTHYR TYDFIL AND RHYMNEY,Gwent and Mid Glamorgan,Wales,Wales,56322,0.5725293846099215,32246,6307,16913,1116,3604,NA,NA,2446,NA,NA,NA,NA,NA,1860
MID BEDFORDSHIRE,Bedfordshire,East,England,87795,0.7371376502078706,64717,38692,14028,8171,NA,2478,NA,NA,NA,NA,NA,NA,NA,1348
MID DERBYSHIRE,Derbyshire,East Midlands,England,67442,0.731828830698971,49356,29027,13642,4756,NA,1931,NA,NA,NA,NA,NA,NA,NA,NA
MIDDLESBROUGH,Cleveland,North East,England,60764,0.5611381739187677,34097,8812,17207,816,2168,546,NA,NA,NA,NA,NA,NA,NA,4548
MIDDLESBROUGH SOUTH AND EAST CLEVELAND,Cleveland,North East,England,72348,0.6609305025709072,47817,28135,16509,1953,NA,1220,NA,NA,NA,NA,NA,NA,NA,NA
MID DORSET AND NORTH POOLE,Dorset,South West,England,65427,0.7478563895639415,48930,29548,3402,14650,NA,1330,NA,NA,NA,NA,NA,NA,NA,NA
MIDLOTHIAN,NA,Scotland,Scotland,70544,0.6835591970968473,48221,10467,14328,3393,NA,NA,20033,NA,NA,NA,NA,NA,NA,NA
MID NORFOLK,Norfolk,East,England,82203,0.6835030351690328,56186,35051,12457,7739,NA,NA,NA,NA,NA,NA,NA,NA,NA,939
MID SUSSEX,West Sussex,South East,England,85146,0.7371103751203815,62762,33455,11218,15258,NA,2234,NA,NA,NA,NA,NA,NA,NA,597
MID ULSTER,NA,Northern Ireland,Northern Ireland,70449,0.6333659810643161,44620,NA,NA,NA,NA,NA,NA,NA,10936,20473,6384,2611,3526,690
MID WORCESTERSHIRE,Hereford and Worcester,West Midlands,England,78220,0.7175019176681156,56123,37426,9408,6474,NA,2177,NA,NA,NA,NA,NA,NA,NA,638
MILTON KEYNES NORTH,Buckinghamshire,South East,England,91545,0.6831940575673167,62543,30938,24683,4991,NA,1931,NA,NA,NA,NA,NA,NA,NA,NA
MILTON KEYNES SOUTH,Buckinghamshire,South East,England,96363,0.6642279713167917,64007,32011,25067,4688,NA,1495,NA,NA,NA,NA,NA,NA,NA,746
MITCHAM AND MORDEN,London,London,England,70021,0.6532468830779338,45741,11482,27964,3717,1202,1160,NA,NA,NA,NA,NA,NA,NA,216
MOLE VALLEY,Surrey,South East,England,74665,0.7648831447130516,57110,31656,2965,19615,NA,1874,NA,NA,NA,NA,NA,NA,NA,1000
MONMOUTH,Gwent and Mid Glamorgan,Wales,Wales,67098,0.7484127693820978,50217,26160,16178,4909,NA,1353,NA,1182,NA,NA,NA,NA,NA,435
MONTGOMERYSHIRE,Powys,Wales,Wales,48997,0.698287650264302,34214,20020,5585,7882,NA,NA,NA,NA,NA,NA,NA,NA,NA,727
MORAY,NA,Scotland,Scotland,71035,0.6873372281269796,48825,22112,2432,2269,NA,NA,21599,NA,NA,NA,NA,NA,NA,413
MORECAMBE AND LUNESDALE,Lancashire,North West,England,67397,0.6722851165482143,45310,23925,17571,2328,NA,938,NA,NA,NA,NA,NA,NA,NA,548
MORLEY AND OUTWOOD,West Yorkshire,Yorkshire and The Humber,England,78803,0.6589850640204054,51930,29424,18157,2285,NA,1107,NA,NA,NA,NA,NA,NA,NA,957
MOTHERWELL AND WISHAW,NA,Scotland,Scotland,68856,0.6451144417334728,44420,7150,14354,1675,NA,NA,20622,NA,NA,NA,NA,NA,NA,619
NA H-EILEANAN AN IAR,NA,Scotland,Scotland,21106,0.6859186961053729,14477,3216,4093,637,NA,NA,6531,NA,NA,NA,NA,NA,NA,NA
NEATH,West Glamorgan,Wales,Wales,56419,0.6514826565518709,36756,10283,15920,1485,3184,728,NA,4495,NA,NA,NA,NA,NA,661
NEWARK,Nottinghamshire,East Midlands,England,75850,0.721977587343441,54762,34660,12844,5308,NA,1950,NA,NA,NA,NA,NA,NA,NA,NA
NEWBURY,Berkshire,South East,England,83414,0.7192797372143764,59998,34431,4404,18384,NA,2454,NA,NA,NA,NA,NA,NA,NA,325
NEWCASTLE-UNDER-LYME,Staffordshire,West Midlands,England,68211,0.655891278532788,44739,23485,16039,2361,1921,933,NA,NA,NA,NA,NA,NA,NA,NA
NEWCASTLE UPON TYNE CENTRAL,Tyne and Wear,North East,England,57845,0.647834730745959,37474,9290,21568,2709,2542,1365,NA,NA,NA,NA,NA,NA,NA,NA
NEWCASTLE UPON TYNE EAST,Tyne and Wear,North East,England,63796,0.6797448115869333,43365,10586,26049,4535,NA,2195,NA,NA,NA,NA,NA,NA,NA,NA
NEWCASTLE UPON TYNE NORTH,Tyne and Wear,North East,England,68486,0.6862570452355226,46999,15589,21354,4357,4331,1368,NA,NA,NA,NA,NA,NA,NA,NA
NEW FOREST EAST,Hampshire,South East,England,73549,0.6905056492950278,50786,32769,7518,7390,NA,2434,NA,NA,NA,NA,NA,NA,NA,675
NEW FOREST WEST,Hampshire,South East,England,70869,0.7098449251435748,50306,32113,6595,7710,NA,3888,NA,NA,NA,NA,NA,NA,NA,NA
NEWPORT EAST,Gwent and Mid Glamorgan,Wales,Wales,58554,0.6196331591351573,36282,14133,16125,2121,2454,577,NA,872,NA,NA,NA,NA,NA,NA
NEWPORT WEST,Gwent and Mid Glamorgan,Wales,Wales,66657,0.6515894804746688,43433,18075,18977,2565,1727,902,NA,1187,NA,NA,NA,NA,NA,NA
NEWRY AND ARMAGH,NA,Northern Ireland,Northern Ireland,81226,0.6251569694432817,50779,NA,NA,NA,NA,NA,NA,NA,11000,20287,9449,4204,4211,1628
NEWTON ABBOT,Devon,South West,England,72529,0.7246204966289347,52556,29190,9329,11689,NA,1508,NA,NA,NA,NA,NA,NA,NA,840
"NORMANTON, PONTEFRACT AND CASTLEFORD",West Yorkshire,Yorkshire and The Humber,England,84527,0.5709299986986407,48259,17021,18297,3147,8032,NA,NA,NA,NA,NA,NA,NA,NA,1762
NORTHAMPTON NORTH,Northamptonshire,East Midlands,England,58768,0.6727981214266268,39539,21031,15524,2031,NA,953,NA,NA,NA,NA,NA,NA,NA,NA
NORTHAMPTON SOUTH,Northamptonshire,East Midlands,England,62163,0.6569020156684845,40835,20914,16217,2482,NA,1222,NA,NA,NA,NA,NA,NA,NA,NA
NORTH ANTRIM,NA,Northern Ireland,Northern Ireland,77134,0.5710970518837348,44051,NA,NA,NA,NA,NA,NA,NA,20860,5632,2943,8139,6231,246
NORTH AYRSHIRE AND ARRAN,NA,Scotland,Scotland,73534,0.6548535371392825,48154,14855,6702,2107,NA,1114,23376,NA,NA,NA,NA,NA,NA,NA
NORTH CORNWALL,Cornwall,South West,England,69935,0.7389433044970329,51678,30671,4516,15919,NA,NA,NA,NA,NA,NA,NA,NA,NA,572
NORTH DEVON,Devon,South West,England,75859,0.7326882769348396,55581,31479,5097,16666,NA,1759,NA,NA,NA,NA,NA,NA,NA,580
NORTH DORSET,Dorset,South West,England,76765,0.7308929850843483,56107,35705,6737,11404,NA,2261,NA,NA,NA,NA,NA,NA,NA,NA
NORTH DOWN,NA,Northern Ireland,Northern Ireland,67099,0.6057169257365982,40643,1959,NA,NA,NA,NA,NA,NA,15390,NA,NA,4936,18358,NA
NORTH DURHAM,Durham,North East,England,66796,0.6316995029642494,42195,13897,18639,2879,4693,1126,NA,NA,NA,NA,NA,NA,NA,961
NORTH EAST BEDFORDSHIRE,Bedfordshire,East,England,90678,0.7170206665343303,65018,38443,14160,7999,NA,1891,NA,NA,NA,NA,NA,NA,NA,2525
NORTH EAST CAMBRIDGESHIRE,Cambridgeshire,East,England,83699,0.6327913117241544,52964,38423,8430,4298,NA,1813,NA,NA,NA,NA,NA,NA,NA,NA
NORTH EAST DERBYSHIRE,Derbyshire,East Midlands,England,72345,0.6803096274794388,49217,28897,16021,3021,NA,1278,NA,NA,NA,NA,NA,NA,NA,NA
NORTH EAST FIFE,NA,Scotland,Scotland,60905,0.7532714883835482,45878,5961,1707,19763,NA,NA,18447,NA,NA,NA,NA,NA,NA,NA
NORTH EAST HAMPSHIRE,Hampshire,South East,England,78954,0.7506902753502039,59270,35280,5760,15069,NA,1754,NA,NA,NA,NA,NA,NA,NA,1407
NORTH EAST HERTFORDSHIRE,Hertfordshire,East,England,76123,0.7268105565991881,55327,31293,13104,8563,NA,2367,NA,NA,NA,NA,NA,NA,NA,NA
NORTH EAST SOMERSET,Avon,South West,England,73692,0.7640992237963415,56308,28360,13631,12422,NA,1423,NA,NA,NA,NA,NA,NA,NA,472
NORTH HEREFORDSHIRE,Hereford and Worcester,West Midlands,England,70252,0.7264277173603598,51033,32158,6804,7302,NA,4769,NA,NA,NA,NA,NA,NA,NA,NA
NORTH NORFOLK,Norfolk,East,England,70729,0.7185595724526008,50823,29792,3895,15397,1739,NA,NA,NA,NA,NA,NA,NA,NA,NA
NORTH SHROPSHIRE,Shropshire,West Midlands,England,83258,0.6787696077253838,56513,35444,12495,5643,NA,1790,NA,NA,NA,NA,NA,NA,NA,1141
NORTH SOMERSET,Avon,South West,England,80194,0.7738110083048607,62055,32801,15265,11051,NA,2938,NA,NA,NA,NA,NA,NA,NA,NA
NORTH SWINDON,Wiltshire,South West,England,82441,0.668538712533812,55115,32584,16413,4408,NA,1710,NA,NA,NA,NA,NA,NA,NA,NA
NORTH THANET,Kent,South East,England,72756,0.6621859365550608,48178,30066,12877,3439,NA,1796,NA,NA,NA,NA,NA,NA,NA,NA
NORTH TYNESIDE,Tyne and Wear,North East,England,78902,0.6391346226965096,50429,15490,25051,3241,5254,1393,NA,NA,NA,NA,NA,NA,NA,NA
NORTH WARWICKSHIRE,Warwickshire,West Midlands,England,70271,0.6533847533121772,45914,30249,12293,2069,NA,1303,NA,NA,NA,NA,NA,NA,NA,NA
NORTH WEST CAMBRIDGESHIRE,Cambridgeshire,East,England,94909,0.679946053588174,64533,40307,14324,6881,NA,3021,NA,NA,NA,NA,NA,NA,NA,NA
NORTH WEST DURHAM,Durham,North East,England,72166,0.6604633761050911,47663,19990,18846,2831,3193,1173,NA,NA,NA,NA,NA,NA,NA,1630
NORTH WEST HAMPSHIRE,Hampshire,South East,England,83083,0.7091462754113357,58918,36591,9327,10283,NA,2717,NA,NA,NA,NA,NA,NA,NA,NA
NORTH WEST LEICESTERSHIRE,Leicestershire,East Midlands,England,78935,0.6818394881864825,53821,33811,13411,3614,NA,2478,NA,NA,NA,NA,NA,NA,NA,507
NORTH WEST NORFOLK,Norfolk,East,England,72080,0.6465316315205327,46602,30627,10705,3625,NA,1645,NA,NA,NA,NA,NA,NA,NA,NA
NORTH WILTSHIRE,Wiltshire,South West,England,73280,0.7472434497816594,54758,32373,5699,14747,NA,1939,NA,NA,NA,NA,NA,NA,NA,NA
NORWICH NORTH,Norfolk,East,England,67172,0.6890519859465254,46285,23397,18659,2663,NA,1078,NA,NA,NA,NA,NA,NA,NA,488
NORWICH SOUTH,Norfolk,East,England,77845,0.6637934356734536,51673,15006,27766,4776,1656,2469,NA,NA,NA,NA,NA,NA,NA,NA
NOTTINGHAM EAST,Nottinghamshire,East Midlands,England,66262,0.603724608372823,40004,8342,25735,1954,1343,1183,NA,NA,NA,NA,NA,NA,NA,1447
NOTTINGHAM NORTH,Nottinghamshire,East Midlands,England,66495,0.5311677569742086,35320,12847,17337,1582,2686,868,NA,NA,NA,NA,NA,NA,NA,NA
NOTTINGHAM SOUTH,Nottinghamshire,East Midlands,England,79485,0.6055733786248978,48134,14018,26586,3935,2012,1583,NA,NA,NA,NA,NA,NA,NA,NA
NUNEATON,Warwickshire,West Midlands,England,70226,0.6434938626719449,45190,27390,14246,1862,NA,1692,NA,NA,NA,NA,NA,NA,NA,NA
OCHIL AND SOUTH PERTHSHIRE,NA,Scotland,Scotland,78776,0.7338910328018686,57813,22384,4961,3204,NA,NA,26882,NA,NA,NA,NA,NA,NA,382
OGMORE,Gwent and Mid Glamorgan,Wales,Wales,57581,0.614612458970841,35390,9797,17602,1460,2991,621,NA,2919,NA,NA,NA,NA,NA,NA
OLD BEXLEY AND SIDCUP,London,London,England,66104,0.6980666828028561,46145,29786,10834,3822,NA,1477,NA,NA,NA,NA,NA,NA,NA,226
OLDHAM EAST AND SADDLEWORTH,Greater Manchester,North West,England,72120,0.6400998336106489,46164,18589,20088,2423,2980,778,NA,NA,NA,NA,NA,NA,NA,1306
OLDHAM WEST AND ROYTON,Greater Manchester,North West,England,72999,0.6086932697708187,44434,13452,24579,1484,3316,681,NA,NA,NA,NA,NA,NA,NA,922
ORKNEY AND SHETLAND,NA,Scotland,Scotland,34211,0.6769752418812662,23160,2287,1550,10381,900,NA,7874,NA,NA,NA,NA,NA,NA,168
ORPINGTON,London,London,England,68877,0.7073623996399379,48721,30882,8504,7552,NA,1783,NA,NA,NA,NA,NA,NA,NA,NA
OXFORD EAST,Oxfordshire,South East,England,78303,0.6303589900770086,49359,10303,28135,6884,1146,2392,NA,NA,NA,NA,NA,NA,NA,499
OXFORD WEST AND ABINGDON,Oxfordshire,South East,England,76951,0.764434510272771,58824,22397,4258,31340,829,NA,NA,NA,NA,NA,NA,NA,NA,NA
PAISLEY AND RENFREWSHIRE NORTH,NA,Scotland,Scotland,72007,0.6899606982654464,49682,11217,11451,3661,NA,NA,23353,NA,NA,NA,NA,NA,NA,NA
PAISLEY AND RENFREWSHIRE SOUTH,NA,Scotland,Scotland,64385,0.6691620719111594,43084,7571,10958,2918,NA,NA,21637,NA,NA,NA,NA,NA,NA,NA
PENDLE,Lancashire,North West,England,65292,0.6809410034920051,44460,24076,17890,1548,NA,678,NA,NA,NA,NA,NA,NA,NA,268
PENISTONE AND STOCKSBRIDGE,South Yorkshire,Yorkshire and The Humber,England,70925,0.698202326401128,49520,23688,16478,5054,4300,NA,NA,NA,NA,NA,NA,NA,NA,NA
PENRITH AND THE BORDER,Cumbria,North West,England,67555,0.7079268743986381,47824,28875,10356,5364,NA,2159,NA,NA,NA,NA,NA,NA,NA,1070
PERTH AND NORTH PERTHSHIRE,NA,Scotland,Scotland,72600,0.7448484848484849,54076,19812,2471,3780,651,NA,27362,NA,NA,NA,NA,NA,NA,NA
PETERBOROUGH,Cambridgeshire,East,England,72560,0.6587789415656009,47801,22334,19754,2334,2127,728,NA,NA,NA,NA,NA,NA,NA,524
"PLYMOUTH, MOOR VIEW",Devon,South West,England,69430,0.6371741322195017,44239,26831,13934,2301,NA,1173,NA,NA,NA,NA,NA,NA,NA,NA
"PLYMOUTH, SUTTON AND DEVONPORT",Devon,South West,England,77852,0.6830396136258542,53176,20704,25461,2545,2909,1557,NA,NA,NA,NA,NA,NA,NA,NA
PONTYPRIDD,Gwent and Mid Glamorgan,Wales,Wales,60327,0.6474712815157392,39060,11494,17381,NA,2917,NA,NA,4990,NA,NA,NA,NA,NA,2278
POOLE,Dorset,South West,England,73989,0.6818716295665572,50451,29599,10483,7819,NA,1702,NA,NA,NA,NA,NA,NA,NA,848
POPLAR AND LIMEHOUSE,London,London,England,91836,0.667232893418703,61276,9756,38660,8832,1493,2159,NA,NA,NA,NA,NA,NA,NA,376
PORTSMOUTH NORTH,Hampshire,South East,England,71299,0.6439080492012511,45910,28172,12392,3419,NA,1304,NA,NA,NA,NA,NA,NA,NA,623
PORTSMOUTH SOUTH,Hampshire,South East,England,74186,0.6392715606718249,47425,17705,23068,5418,994,NA,NA,NA,NA,NA,NA,NA,NA,240
PRESELI PEMBROKESHIRE,Dyfed,Wales,Wales,59606,0.7116565446431568,42419,21381,16319,1943,NA,NA,NA,2776,NA,NA,NA,NA,NA,NA
PRESTON,Lancashire,North West,England,59672,0.5662622335433705,33790,8724,20870,1737,1799,660,NA,NA,NA,NA,NA,NA,NA,NA
PUDSEY,West Yorkshire,Yorkshire and The Humber,England,73212,0.7405206796699995,54215,26453,22936,3088,NA,894,NA,NA,NA,NA,NA,NA,NA,844
PUTNEY,London,London,England,65556,0.7698303740313625,50467,18006,22780,8548,NA,1133,NA,NA,NA,NA,NA,NA,NA,NA
RAYLEIGH AND WICKFORD,Essex,East,England,78930,0.6955656911187128,54901,39864,8864,4171,NA,2002,NA,NA,NA,NA,NA,NA,NA,NA
READING EAST,Berkshire,South East,England,77152,0.7247770634591456,55918,21178,27102,5035,852,1549,NA,NA,NA,NA,NA,NA,NA,202
READING WEST,Berkshire,South East,England,74137,0.6797145824621984,50392,24393,20276,4460,NA,1263,NA,NA,NA,NA,NA,NA,NA,NA
REDCAR,Cleveland,North East,England,65864,0.620095955301834,40842,18811,15284,2018,2915,491,NA,NA,NA,NA,NA,NA,NA,1323
REDDITCH,Hereford and Worcester,West Midlands,England,65391,0.6739000779923843,44067,27907,11871,2905,NA,1384,NA,NA,NA,NA,NA,NA,NA,NA
REIGATE,Surrey,South East,England,74242,0.7159828668408718,53156,28665,10355,10320,NA,3169,NA,NA,NA,NA,NA,NA,NA,647
RHONDDA,Gwent and Mid Glamorgan,Wales,Wales,50262,0.5897497115116788,29642,4675,16115,612,3733,438,NA,4069,NA,NA,NA,NA,NA,NA
RIBBLE VALLEY,Lancashire,North West,England,79247,0.6976163135513016,55284,33346,14907,4776,NA,1704,NA,NA,NA,NA,NA,NA,NA,551
RICHMOND PARK,London,London,England,82699,0.7867930688400102,65067,26793,3407,34559,NA,NA,NA,NA,NA,NA,NA,NA,NA,308
RICHMOND (YORKS),North Yorkshire,Yorkshire and The Humber,England,82569,0.6988458138042122,57703,36693,9483,6989,NA,2500,NA,NA,NA,NA,NA,NA,NA,2038
ROCHDALE,Greater Manchester,North West,England,78909,0.6012875590870497,47447,14807,24475,3312,3867,986,NA,NA,NA,NA,NA,NA,NA,NA
ROCHESTER AND STROOD,Kent,South East,England,82056,0.6328117383250463,51926,31151,14079,3717,NA,1312,NA,NA,NA,NA,NA,NA,NA,1667
ROCHFORD AND SOUTHEND EAST,Essex,East,England,75624,0.610070876970274,46136,27063,14777,2822,NA,NA,NA,NA,NA,NA,NA,NA,NA,1474
ROMFORD,London,London,England,72350,0.6528127159640635,47231,30494,12601,2708,NA,1428,NA,NA,NA,NA,NA,NA,NA,NA
ROMSEY AND SOUTHAMPTON NORTH,Hampshire,South East,England,68228,0.7532098258779387,51390,27862,5898,16990,NA,NA,NA,NA,NA,NA,NA,NA,NA,640
ROSSENDALE AND DARWEN,Lancashire,North West,England,72770,0.6709083413494572,48822,27570,18048,2011,NA,1193,NA,NA,NA,NA,NA,NA,NA,NA
"ROSS, SKYE AND LOCHABER",NA,Scotland,Scotland,54230,0.7351834777798266,39869,6900,2448,9820,710,NA,19263,NA,NA,NA,NA,NA,NA,728
ROTHERHAM,South Yorkshire,Yorkshire and The Humber,England,61688,0.5779243937232525,35651,11615,14736,2090,6125,NA,NA,NA,NA,NA,NA,NA,NA,1085
ROTHER VALLEY,South Yorkshire,Yorkshire and The Humber,England,74804,0.6510079674883696,48698,21970,15652,2553,6264,1219,NA,NA,NA,NA,NA,NA,NA,1040
RUGBY,Warwickshire,West Midlands,England,72292,0.7028993526254634,50814,29255,15808,4207,NA,1544,NA,NA,NA,NA,NA,NA,NA,NA
"RUISLIP, NORTHWOOD AND PINNER",London,London,England,72816,0.7265436167875192,52904,29391,12997,7986,NA,1646,NA,NA,NA,NA,NA,NA,NA,884
RUNNYMEDE AND WEYBRIDGE,Surrey,South East,England,77196,0.6903077879682885,53289,29262,10992,9236,NA,1876,NA,NA,NA,NA,NA,NA,NA,1923
RUSHCLIFFE,Nottinghamshire,East Midlands,England,77047,0.7852998818902748,60505,28765,21122,9600,NA,NA,NA,NA,NA,NA,NA,NA,NA,1018
RUTHERGLEN AND HAMILTON WEST,NA,Scotland,Scotland,80918,0.6647964606144492,53794,8054,18545,2791,NA,NA,23775,NA,NA,NA,NA,NA,NA,629
RUTLAND AND MELTON,Leicestershire,East Midlands,England,82705,0.7050359712230215,58310,36507,9583,7970,NA,2875,NA,NA,NA,NA,NA,NA,NA,1375
SAFFRON WALDEN,Essex,East,England,87017,0.7249847730903157,63086,39714,8305,12120,NA,2947,NA,NA,NA,NA,NA,NA,NA,NA
SALFORD AND ECCLES,Greater Manchester,North West,England,82202,0.6159460840368848,50632,12428,28755,3099,4290,2060,NA,NA,NA,NA,NA,NA,NA,NA
SALISBURY,Wiltshire,South West,England,74556,0.720666344760985,53730,30280,9675,10544,NA,2486,NA,NA,NA,NA,NA,NA,NA,745
SCARBOROUGH AND WHITBY,North Yorkshire,Yorkshire and The Humber,England,74404,0.6682974033654104,49724,27593,17323,3038,NA,NA,NA,NA,NA,NA,NA,NA,NA,1770
SCUNTHORPE,Humberside,Yorkshire and The Humber,England,61955,0.6093132112016786,37750,20306,13855,875,2044,670,NA,NA,NA,NA,NA,NA,NA,NA
SEDGEFIELD,Durham,North East,England,64325,0.6461873299650214,41566,19609,15096,1955,3518,994,NA,NA,NA,NA,NA,NA,NA,394
SEFTON CENTRAL,Merseyside,North West,England,69760,0.7293577981651376,50880,14132,29254,3386,2425,1261,NA,NA,NA,NA,NA,NA,NA,422
SELBY AND AINSTY,North Yorkshire,Yorkshire and The Humber,England,78398,0.7196357049924743,56418,33995,13858,4842,NA,1823,NA,NA,NA,NA,NA,NA,NA,1900
SEVENOAKS,Kent,South East,England,71757,0.7101188734200148,50956,30932,6946,10114,NA,1974,NA,NA,NA,NA,NA,NA,NA,990
"SHEFFIELD, BRIGHTSIDE AND HILLSBOROUGH",South Yorkshire,Yorkshire and The Humber,England,69333,0.5711565920990005,39600,10095,22369,1517,3855,1179,NA,NA,NA,NA,NA,NA,NA,585
SHEFFIELD CENTRAL,South Yorkshire,Yorkshire and The Humber,England,89849,0.5666507139756702,50913,6695,33968,3237,1969,4570,NA,NA,NA,NA,NA,NA,NA,474
"SHEFFIELD, HALLAM",South Yorkshire,Yorkshire and The Humber,England,72763,0.7817846982669764,56885,14696,19709,18997,1562,1630,NA,NA,NA,NA,NA,NA,NA,291
"SHEFFIELD, HEELEY",South Yorkshire,Yorkshire and The Humber,England,66940,0.6378099790857484,42695,12955,21475,2916,3538,1811,NA,NA,NA,NA,NA,NA,NA,NA
SHEFFIELD SOUTH EAST,South Yorkshire,Yorkshire and The Humber,England,67832,0.6191473051067343,41998,15070,19359,2125,4478,NA,NA,NA,NA,NA,NA,NA,NA,966
SHERWOOD,Nottinghamshire,East Midlands,England,77888,0.6767281224322104,52709,32049,15863,2883,NA,1214,NA,NA,NA,NA,NA,NA,NA,700
SHIPLEY,West Yorkshire,Yorkshire and The Humber,England,74029,0.7294978994718286,54004,27437,21195,3188,NA,1301,NA,NA,NA,NA,NA,NA,NA,883
SHREWSBURY AND ATCHAM,Shropshire,West Midlands,England,82238,0.7182202874583525,59065,31021,19804,5906,NA,1762,NA,NA,NA,NA,NA,NA,NA,572
SITTINGBOURNE AND SHEPPEY,Kent,South East,England,83917,0.612438480879917,51394,34742,10263,3213,NA,1188,NA,NA,NA,NA,NA,NA,NA,1988
SKIPTON AND RIPON,North Yorkshire,Yorkshire and The Humber,England,78673,0.7464314313678136,58724,34919,11225,8701,NA,2748,NA,NA,NA,NA,NA,NA,NA,1131
SLEAFORD AND NORTH HYKEHAM,Lincolnshire,East Midlands,England,94761,0.7023353489304672,66554,44683,12118,5355,NA,1742,NA,NA,NA,NA,NA,NA,NA,2656
SLOUGH,Berkshire,South East,England,86818,0.5878734824575549,51038,15781,29421,3357,1432,1047,NA,NA,NA,NA,NA,NA,NA,NA
SOLIHULL,West Midlands,West Midlands,England,78760,0.7026917216861351,55344,32309,11036,9977,NA,2022,NA,NA,NA,NA,NA,NA,NA,NA
SOMERTON AND FROME,Somerset,South West,England,85866,0.7557822653902593,64896,36230,8354,17017,NA,3295,NA,NA,NA,NA,NA,NA,NA,NA
"SOUTHAMPTON, ITCHEN",Hampshire,South East,England,72299,0.6559011881215507,47421,23952,19454,2503,NA,1040,NA,NA,NA,NA,NA,NA,NA,472
"SOUTHAMPTON, TEST",Hampshire,South East,England,70116,0.6417080266986137,44994,16043,22256,3449,1591,1433,NA,NA,NA,NA,NA,NA,NA,222
SOUTH ANTRIM,NA,Northern Ireland,Northern Ireland,71711,0.5992665002579799,42974,NA,NA,NA,NA,NA,NA,NA,15149,4887,2288,12460,8190,NA
SOUTH BASILDON AND EAST THURROCK,Essex,East,England,74441,0.608495318440107,45297,29973,10051,1957,NA,NA,NA,NA,NA,NA,NA,NA,NA,3316
SOUTH CAMBRIDGESHIRE,Cambridgeshire,East,England,87288,0.7667606085601686,66929,31015,7803,28111,NA,NA,NA,NA,NA,NA,NA,NA,NA,NA
SOUTH DERBYSHIRE,Derbyshire,East Midlands,England,79331,0.672889538767947,53381,33502,14167,3924,NA,1788,NA,NA,NA,NA,NA,NA,NA,NA
SOUTH DORSET,Dorset,South West,England,73809,0.6917584576406671,51058,30024,12871,5432,NA,2246,NA,NA,NA,NA,NA,NA,NA,485
SOUTH DOWN,NA,Northern Ireland,Northern Ireland,79175,0.6285064730028418,49762,NA,NA,NA,NA,NA,NA,NA,7619,16137,14517,3307,6916,1266
SOUTH EAST CAMBRIDGESHIRE,Cambridgeshire,East,England,86769,0.7420276826977377,64385,32187,10492,20697,NA,NA,NA,NA,NA,NA,NA,NA,NA,1009
SOUTH EAST CORNWALL,Cornwall,South West,England,71825,0.7470240167072746,53655,31807,10836,8650,NA,1493,NA,NA,NA,NA,NA,NA,NA,869
SOUTHEND WEST,Essex,East,England,69043,0.6740292281621598,46537,27555,13096,5312,NA,NA,NA,NA,NA,NA,NA,NA,NA,574
SOUTH HOLLAND AND THE DEEPINGS,Lincolnshire,East Midlands,England,75975,0.6473050345508391,49179,37338,6500,3225,NA,1613,NA,NA,NA,NA,NA,NA,NA,503
SOUTH LEICESTERSHIRE,Leicestershire,East Midlands,England,80520,0.7137232985593641,57469,36791,12787,5452,NA,2439,NA,NA,NA,NA,NA,NA,NA,NA
SOUTH NORFOLK,Norfolk,East,England,86214,0.7247546802143503,62484,36258,14983,8744,NA,2499,NA,NA,NA,NA,NA,NA,NA,NA
SOUTH NORTHAMPTONSHIRE,Northamptonshire,East Midlands,England,90842,0.7365315602914951,66908,41755,13994,7891,NA,2634,NA,NA,NA,NA,NA,NA,NA,634
SOUTHPORT,Merseyside,North West,England,70837,0.6801530273727007,48180,22914,18767,6499,NA,NA,NA,NA,NA,NA,NA,NA,NA,NA
SOUTH RIBBLE,Lancashire,North West,England,75351,0.713779511884381,53784,30028,18829,3720,NA,1207,NA,NA,NA,NA,NA,NA,NA,NA
SOUTH SHIELDS,Tyne and Wear,North East,England,62793,0.6032838055197235,37882,7688,17273,1514,6446,1303,NA,NA,NA,NA,NA,NA,NA,3658
SOUTH STAFFORDSHIRE,Staffordshire,West Midlands,England,73668,0.678788619210512,50005,36520,8270,3280,NA,1935,NA,NA,NA,NA,NA,NA,NA,NA
SOUTH SUFFOLK,Suffolk,East,England,76201,0.7019461686854503,53489,33270,10373,6702,NA,3144,NA,NA,NA,NA,NA,NA,NA,NA
SOUTH SWINDON,Wiltshire,South West,England,73118,0.6940288301102328,50746,26536,19911,4299,NA,NA,NA,NA,NA,NA,NA,NA,NA,NA
SOUTH THANET,Kent,South East,England,73223,0.659041557980416,48257,27084,16497,2727,NA,1949,NA,NA,NA,NA,NA,NA,NA,NA
SOUTH WEST BEDFORDSHIRE,Bedfordshire,East,England,79926,0.6669544328503866,53307,32212,13629,5435,NA,2031,NA,NA,NA,NA,NA,NA,NA,NA
SOUTH WEST DEVON,Devon,South West,England,72535,0.735741366236989,53367,33286,11856,6207,NA,2018,NA,NA,NA,NA,NA,NA,NA,NA
SOUTH WEST HERTFORDSHIRE,Hertfordshire,East,England,80499,0.7601460887712891,61191,30327,7228,6251,NA,1466,NA,NA,NA,NA,NA,NA,NA,15919
SOUTH WEST NORFOLK,Norfolk,East,England,78455,0.6559938818430948,51466,35507,9312,4166,NA,1645,NA,NA,NA,NA,NA,NA,NA,836
SOUTH WEST SURREY,Surrey,South East,England,79096,0.7628704359259634,60340,32191,4775,23374,NA,NA,NA,NA,NA,NA,NA,NA,NA,NA
SOUTH WEST WILTSHIRE,Wiltshire,South West,England,77969,0.7040618707435006,54895,33038,11408,8015,NA,2434,NA,NA,NA,NA,NA,NA,NA,NA
SPELTHORNE,Surrey,South East,England,70929,0.6980219656275994,49510,29141,10748,7499,NA,2122,NA,NA,NA,NA,NA,NA,NA,NA
STAFFORD,Staffordshire,West Midlands,England,72572,0.7048035054842088,51149,29992,15615,3175,NA,2367,NA,NA,NA,NA,NA,NA,NA,NA
STAFFORDSHIRE MOORLANDS,Staffordshire,West Midlands,England,65485,0.6666564862182179,43656,28192,11764,2469,NA,1231,NA,NA,NA,NA,NA,NA,NA,NA
ST ALBANS,Hertfordshire,East,England,73727,0.7812470329729949,57599,22574,5000,28867,NA,1004,NA,NA,NA,NA,NA,NA,NA,154
STALYBRIDGE AND HYDE,Greater Manchester,North West,England,73064,0.5798751779262017,42368,16079,19025,1827,3591,1411,NA,NA,NA,NA,NA,NA,NA,435
ST AUSTELL AND NEWQUAY,Cornwall,South West,England,79930,0.6978105842612286,55776,31273,14747,5861,NA,1609,NA,NA,NA,NA,NA,NA,NA,2286
STEVENAGE,Hertfordshire,East,England,71562,0.6663173192476454,47683,25328,16766,4132,NA,1457,NA,NA,NA,NA,NA,NA,NA,NA
ST HELENS NORTH,Merseyside,North West,England,75593,0.6291720132816531,47561,12661,24870,2668,5396,1966,NA,NA,NA,NA,NA,NA,NA,NA
ST HELENS SOUTH AND WHISTON,Merseyside,North West,England,79061,0.6363820341255486,50313,10335,29457,2886,5353,2282,NA,NA,NA,NA,NA,NA,NA,NA
STIRLING,NA,Scotland,Scotland,68473,0.7684780862529756,52620,17641,4275,2867,NA,942,26895,NA,NA,NA,NA,NA,NA,NA
ST IVES,Cornwall,South West,England,68795,0.7473362889744894,51413,25365,3553,21085,NA,964,NA,NA,NA,NA,NA,NA,NA,446
STOCKPORT,Greater Manchester,North West,England,65391,0.6379318254805707,41715,11656,21695,5043,1918,1403,NA,NA,NA,NA,NA,NA,NA,NA
STOCKTON NORTH,Cleveland,North East,England,66649,0.617503638464193,41156,16701,17728,1631,3907,NA,NA,NA,NA,NA,NA,NA,NA,1189
STOCKTON SOUTH,Cleveland,North East,England,76870,0.7129179133602186,54802,27764,22504,2338,2196,NA,NA,NA,NA,NA,NA,NA,NA,NA
STOKE-ON-TRENT CENTRAL,Staffordshire,West Midlands,England,55419,0.5786824013424998,32070,14557,13887,1116,1691,819,NA,NA,NA,NA,NA,NA,NA,NA
STOKE-ON-TRENT NORTH,Staffordshire,West Midlands,England,68298,0.5876306773258367,40134,20974,14688,1268,2374,508,NA,NA,NA,NA,NA,NA,NA,322
STOKE-ON-TRENT SOUTH,Staffordshire,West Midlands,England,64491,0.6141011924144454,39604,24632,13361,1611,NA,NA,NA,NA,NA,NA,NA,NA,NA,NA
STONE,Staffordshire,West Midlands,England,69378,0.7184265905618495,49843,31687,11742,4412,NA,2002,NA,NA,NA,NA,NA,NA,NA,NA
STOURBRIDGE,West Midlands,West Midlands,England,69891,0.653717932208725,45689,27534,13963,2523,NA,1048,NA,NA,NA,NA,NA,NA,NA,621
STRANGFORD,NA,Northern Ireland,Northern Ireland,66928,0.5600794884054506,37485,1476,NA,NA,NA,790,NA,NA,17705,555,1994,4023,10634,308
STRATFORD-ON-AVON,Warwickshire,West Midlands,England,74037,0.7435201318259789,55048,33343,6222,13371,NA,2112,NA,NA,NA,NA,NA,NA,NA,NA
STREATHAM,London,London,England,84783,0.6665605133104514,56513,9060,30976,13286,624,2567,NA,NA,NA,NA,NA,NA,NA,NA
STRETFORD AND URMSTON,Greater Manchester,North West,England,72372,0.6918006964019234,50067,13778,30195,2969,1768,1357,NA,NA,NA,NA,NA,NA,NA,NA
STROUD,Gloucestershire,South West,England,84537,0.7798951938204574,65930,31582,27742,NA,1085,4954,NA,NA,NA,NA,NA,NA,NA,567
SUFFOLK COASTAL,Suffolk,East,England,81910,0.7118544744231473,58308,32958,12425,8719,NA,2713,NA,NA,NA,NA,NA,NA,NA,1493
SUNDERLAND CENTRAL,Tyne and Wear,North East,England,72680,0.5981838194826637,43476,15372,18336,3025,5047,1212,NA,NA,NA,NA,NA,NA,NA,484
SURREY HEATH,Surrey,South East,England,81349,0.7210168533110426,58654,34358,5407,16009,NA,2252,NA,NA,NA,NA,NA,NA,NA,628
SUTTON AND CHEAM,London,London,England,71779,0.7033672801237131,50487,25235,7200,16884,NA,1168,NA,NA,NA,NA,NA,NA,NA,NA
SUTTON COLDFIELD,West Midlands,West Midlands,England,75638,0.6917819085644782,52325,31604,12332,6358,NA,2031,NA,NA,NA,NA,NA,NA,NA,NA
SWANSEA EAST,West Glamorgan,Wales,Wales,58450,0.5744910179640719,33579,9435,17405,1409,2842,583,NA,1905,NA,NA,NA,NA,NA,NA
SWANSEA WEST,West Glamorgan,Wales,Wales,57078,0.6277374820421178,35830,10377,18493,2993,1983,NA,NA,1984,NA,NA,NA,NA,NA,NA
TAMWORTH,Staffordshire,West Midlands,England,71572,0.6434918683283966,46056,30542,10908,2426,NA,935,NA,NA,NA,NA,NA,NA,NA,1245
TATTON,Cheshire,North West,England,69018,0.7094815845141847,48967,28277,10890,7712,NA,2088,NA,NA,NA,NA,NA,NA,NA,NA
TAUNTON DEANE,Somerset,South West,England,88676,0.7187175786007488,63733,34164,4715,22464,NA,NA,NA,NA,NA,NA,NA,NA,NA,2390
TELFORD,Shropshire,West Midlands,England,68921,0.6213635901974724,42825,25546,14605,2674,NA,NA,NA,NA,NA,NA,NA,NA,NA,NA
TEWKESBURY,Gloucestershire,South West,England,83958,0.7282212534838848,61140,35728,9310,13318,NA,2784,NA,NA,NA,NA,NA,NA,NA,NA
THE COTSWOLDS,Gloucestershire,South West,England,81939,0.746604181159155,61176,35484,7110,15270,NA,3312,NA,NA,NA,NA,NA,NA,NA,NA
THE WREKIN,Shropshire,West Midlands,England,70693,0.6915819105144781,48890,31029,12303,4067,NA,1491,NA,NA,NA,NA,NA,NA,NA,NA
THIRSK AND MALTON,North Yorkshire,Yorkshire and The Humber,England,80991,0.6986949167191416,56588,35634,10480,6774,NA,2263,NA,NA,NA,NA,NA,NA,NA,1437
THORNBURY AND YATE,Avon,South West,England,69492,0.751784378057906,52243,30202,4208,17833,NA,NA,NA,NA,NA,NA,NA,NA,NA,NA
THURROCK,Essex,East,England,79659,0.5958774275348674,47467,27795,16313,1510,NA,807,NA,NA,NA,NA,NA,NA,NA,1042
TIVERTON AND HONITON,Devon,South West,England,82953,0.7186358540378287,59613,35893,11654,8807,NA,2291,NA,NA,NA,NA,NA,NA,NA,968
TONBRIDGE AND MALLING,Kent,South East,England,79278,0.7190267161129191,57003,35784,8286,8843,NA,4090,NA,NA,NA,NA,NA,NA,NA,NA
TOOTING,London,London,England,76954,0.759843542895756,58473,16504,30811,8305,462,2314,NA,NA,NA,NA,NA,NA,NA,77
TORBAY,Devon,South West,England,75054,0.6718629253604071,50426,29863,6562,12114,NA,1239,NA,NA,NA,NA,NA,NA,NA,648
TORFAEN,Gwent and Mid Glamorgan,Wales,Wales,62330,0.5964383122092091,37176,11804,15546,1831,5742,812,NA,1441,NA,NA,NA,NA,NA,NA
TORRIDGE AND WEST DEVON,Devon,South West,England,80403,0.7428827282564083,59730,35904,10290,10912,NA,2077,NA,NA,NA,NA,NA,NA,NA,547
TOTNES,Devon,South West,England,69863,0.7469189699841118,52182,27751,8860,15027,NA,NA,NA,NA,NA,NA,NA,NA,NA,544
TOTTENHAM,London,London,England,75740,0.6186427251122261,46856,5446,35621,3168,527,1873,NA,NA,NA,NA,NA,NA,NA,221
TRURO AND FALMOUTH,Cornwall,South West,England,76719,0.7715168341610292,59190,27237,22676,7150,NA,1714,NA,NA,NA,NA,NA,NA,NA,413
TUNBRIDGE WELLS,Kent,South East,England,74823,0.7303903879823049,54650,30119,8098,15474,NA,NA,NA,NA,NA,NA,NA,NA,NA,959
TWICKENHAM,London,London,England,84906,0.7596989612041551,64503,22045,5476,36166,816,NA,NA,NA,NA,NA,NA,NA,NA,NA
TYNEMOUTH,Tyne and Wear,North East,England,77261,0.7252559506089747,56034,22071,26928,3791,1963,1281,NA,NA,NA,NA,NA,NA,NA,NA
UPPER BANN,NA,Northern Ireland,Northern Ireland,82887,0.6037738125399641,50045,NA,NA,NA,NA,NA,NA,NA,20501,12291,4623,6197,6433,NA
UXBRIDGE AND SOUTH RUISLIP,London,London,England,70365,0.6848148937682086,48187,25351,18141,3026,NA,1090,NA,NA,NA,NA,NA,NA,NA,579
VALE OF CLWYD,Clwyd,Wales,Wales,56649,0.656904799731681,37213,17270,15443,1471,1477,NA,NA,1552,NA,NA,NA,NA,NA,NA
VALE OF GLAMORGAN,South Glamorgan,Wales,Wales,76508,0.7163564594552204,54807,27305,23743,NA,NA,3251,NA,NA,NA,NA,NA,NA,NA,508
VAUXHALL,London,London,England,88659,0.6353895261620366,56333,9422,31615,12003,641,2516,NA,NA,NA,NA,NA,NA,NA,136
WAKEFIELD,West Yorkshire,Yorkshire and The Humber,England,70192,0.6414833599270572,45027,21283,17925,1772,2725,NA,NA,NA,NA,NA,NA,NA,NA,1322
WALLASEY,Merseyside,North West,England,66310,0.7011310511235108,46492,11579,29901,1843,2037,1132,NA,NA,NA,NA,NA,NA,NA,NA
WALSALL NORTH,West Midlands,West Midlands,England,67177,0.5441743453860697,36556,23334,11369,1236,NA,617,NA,NA,NA,NA,NA,NA,NA,NA
WALSALL SOUTH,West Midlands,West Midlands,England,68024,0.6243678701634717,42472,17416,20872,1602,1660,634,NA,NA,NA,NA,NA,NA,NA,288
WALTHAMSTOW,London,London,England,70267,0.6878762434713308,48335,5922,36784,2874,768,1733,NA,NA,NA,NA,NA,NA,NA,254
WANSBECK,Northumberland,North East,England,63339,0.6395585658125326,40509,16310,17124,2539,3141,1217,NA,NA,NA,NA,NA,NA,NA,178
WANTAGE,Oxfordshire,South East,England,90867,0.7392452705602695,67173,34085,10181,21432,NA,NA,NA,NA,NA,NA,NA,NA,NA,1475
WARLEY,West Midlands,West Midlands,England,62357,0.5971903715701525,37239,10390,21901,1588,2469,891,NA,NA,NA,NA,NA,NA,NA,NA
WARRINGTON NORTH,Cheshire,North West,England,72235,0.6460441614175954,46667,19102,20611,3071,2626,1257,NA,NA,NA,NA,NA,NA,NA,NA
WARRINGTON SOUTH,Cheshire,North West,England,86015,0.7196302970412137,61899,28187,26177,5732,1635,NA,NA,NA,NA,NA,NA,NA,NA,168
WARWICK AND LEAMINGTON,Warwickshire,West Midlands,England,76362,0.7098425918650638,54205,22929,23718,4995,807,1536,NA,NA,NA,NA,NA,NA,NA,220
WASHINGTON AND SUNDERLAND WEST,Tyne and Wear,North East,England,66278,0.5659947493889375,37513,12218,15941,2071,5439,1005,NA,NA,NA,NA,NA,NA,NA,839
WATFORD,Hertfordshire,East,England,83359,0.6965654578389856,58065,26421,21988,9323,NA,NA,NA,NA,NA,NA,NA,NA,NA,333
WAVENEY,Suffolk,East,England,82791,0.6175671268616154,51129,31778,13776,2603,NA,2727,NA,NA,NA,NA,NA,NA,NA,245
WEALDEN,East Sussex,South East,England,82998,0.7338369599267452,60907,37043,9377,11388,NA,3099,NA,NA,NA,NA,NA,NA,NA,NA
WEAVER VALE,Cheshire,North West,England,70551,0.7188133407038879,50713,22210,22772,3300,1380,1051,NA,NA,NA,NA,NA,NA,NA,NA
WELLINGBOROUGH,Northamptonshire,East Midlands,England,80765,0.6427660496502198,51913,32277,13737,4078,NA,1821,NA,NA,NA,NA,NA,NA,NA,NA
WELLS,Somerset,South West,England,84124,0.7325852313251866,61628,33336,4304,23345,NA,NA,NA,NA,NA,NA,NA,NA,NA,643
WELWYN HATFIELD,Hertfordshire,East,England,74892,0.6950408588367248,52053,27394,16439,6602,NA,1618,NA,NA,NA,NA,NA,NA,NA,NA
WENTWORTH AND DEARNE,South Yorkshire,Yorkshire and The Humber,England,74536,0.5575426639476226,41557,14577,16742,1705,7019,NA,NA,NA,NA,NA,NA,NA,NA,1514
WEST ABERDEENSHIRE AND KINCARDINE,NA,Scotland,Scotland,72640,0.734375,53345,22752,2431,6253,NA,NA,21909,NA,NA,NA,NA,NA,NA,NA
WEST BROMWICH EAST,West Midlands,West Midlands,England,62046,0.5798117525706734,35975,16804,15211,1313,1475,627,NA,NA,NA,NA,NA,NA,NA,545
WEST BROMWICH WEST,West Midlands,West Midlands,England,64517,0.534107289551591,34459,17419,13620,915,1841,664,NA,NA,NA,NA,NA,NA,NA,NA
WEST DORSET,Dorset,South West,England,81897,0.7439222437940339,60925,33589,5729,19483,NA,2124,NA,NA,NA,NA,NA,NA,NA,NA
WEST DUNBARTONSHIRE,NA,Scotland,Scotland,66517,0.6786235097794548,45140,6436,12843,1890,NA,867,22396,NA,NA,NA,NA,NA,NA,708
WEST HAM,London,London,England,97947,0.6146181097940723,60200,9793,42181,4161,1679,1780,NA,NA,NA,NA,NA,NA,NA,606
WEST LANCASHIRE,Lancashire,North West,England,73347,0.717998009461873,52663,19122,27458,2560,2275,1248,NA,NA,NA,NA,NA,NA,NA,NA
WESTMINSTER NORTH,London,London,England,65519,0.6549397884583098,42911,12481,23240,5593,418,1064,NA,NA,NA,NA,NA,NA,NA,115
WESTMORLAND AND LONSDALE,Cumbria,North West,England,67789,0.7775892843971736,52712,23861,2293,25795,763,NA,NA,NA,NA,NA,NA,NA,NA,NA
WESTON-SUPER-MARE,Avon,South West,England,82526,0.6738967113394566,55614,31983,14862,6935,NA,1834,NA,NA,NA,NA,NA,NA,NA,NA
WEST SUFFOLK,Suffolk,East,England,80193,0.6414150861047723,51437,33842,10648,4685,NA,2262,NA,NA,NA,NA,NA,NA,NA,NA
WEST TYRONE,NA,Northern Ireland,Northern Ireland,66259,0.6215910291432107,41186,NA,NA,NA,NA,521,NA,NA,9066,16544,7330,2774,3979,972
WEST WORCESTERSHIRE,Hereford and Worcester,West Midlands,England,76241,0.7545808685615352,57530,34909,9496,10410,NA,2715,NA,NA,NA,NA,NA,NA,NA,NA
WIGAN,Greater Manchester,North West,England,75680,0.5951638477801269,45042,14314,21042,2428,5959,1299,NA,NA,NA,NA,NA,NA,NA,NA
WIMBLEDON,London,London,England,68240,0.7770662368112544,53027,20373,12543,19745,NA,NA,NA,NA,NA,NA,NA,NA,NA,366
WINCHESTER,Hampshire,South East,England,75582,0.7791537667698658,58890,28430,2723,27445,NA,NA,NA,NA,NA,NA,NA,NA,NA,292
WINDSOR,Berkshire,South East,England,75038,0.7163037394386844,53750,31501,8147,11422,NA,1796,NA,NA,NA,NA,NA,NA,NA,884
WIRRAL SOUTH,Merseyside,North West,England,57280,0.7602479050279329,43547,16179,22284,2917,1219,948,NA,NA,NA,NA,NA,NA,NA,NA
WIRRAL WEST,Merseyside,North West,England,55550,0.7726012601260126,42918,17692,20695,2706,860,965,NA,NA,NA,NA,NA,NA,NA,NA
WITHAM,Essex,East,England,70402,0.7008891792846794,49344,32876,8794,4584,NA,3090,NA,NA,NA,NA,NA,NA,NA,NA
WITNEY,Oxfordshire,South East,England,83845,0.7311706124396208,61305,33856,8770,18679,NA,NA,NA,NA,NA,NA,NA,NA,NA,NA
WOKING,Surrey,South East,England,75424,0.7151172040729741,53937,26396,8827,16629,NA,1485,NA,NA,NA,NA,NA,NA,NA,600
WOKINGHAM,Berkshire,South East,England,83953,0.7384727168773004,61997,30734,6450,23351,NA,1382,NA,NA,NA,NA,NA,NA,NA,80
WOLVERHAMPTON NORTH EAST,West Midlands,West Midlands,England,61660,0.5559682127797599,34281,17722,13642,960,1354,603,NA,NA,NA,NA,NA,NA,NA,NA
WOLVERHAMPTON SOUTH EAST,West Midlands,West Midlands,England,62883,0.5318289521810347,33443,14287,15522,1019,2094,521,NA,NA,NA,NA,NA,NA,NA,NA
WOLVERHAMPTON SOUTH WEST,West Midlands,West Midlands,England,60534,0.6795519873129151,41136,19864,18203,2041,1028,NA,NA,NA,NA,NA,NA,NA,NA,NA
WORCESTER,Hereford and Worcester,West Midlands,England,73485,0.6926311492141254,50898,25856,19098,3666,NA,1694,NA,NA,NA,NA,NA,NA,NA,584
WORKINGTON,Cumbria,North West,England,61370,0.6778393351800553,41599,20488,16312,1525,1749,596,NA,NA,NA,NA,NA,NA,NA,929
WORSLEY AND ECCLES SOUTH,Greater Manchester,North West,England,75219,0.5943578085324187,44707,17227,20446,2510,3224,1300,NA,NA,NA,NA,NA,NA,NA,NA
WORTHING WEST,West Sussex,South East,England,78585,0.6953998854743272,54648,30475,15652,6024,NA,2008,NA,NA,NA,NA,NA,NA,NA,489
WREXHAM,Clwyd,Wales,Wales,49737,0.6741862195146471,33532,15199,13068,1447,1222,445,NA,2151,NA,NA,NA,NA,NA,NA
WYCOMBE,Buckinghamshire,South East,England,78093,0.7011639967730783,54756,24766,20552,6543,NA,1454,NA,NA,NA,NA,NA,NA,NA,1441
WYRE AND PRESTON NORTH,Lancashire,North West,England,74775,0.7077766633233032,52924,31589,14808,4463,NA,1729,NA,NA,NA,NA,NA,NA,NA,335
WYRE FOREST,Hereford and Worcester,West Midlands,England,78077,0.6475786723362834,50561,32960,11547,4081,NA,1973,NA,NA,NA,NA,NA,NA,NA,NA
WYTHENSHAWE AND SALE EAST,Greater Manchester,North West,England,76313,0.5865186796482906,44759,13459,23855,3111,2717,1559,NA,NA,NA,NA,NA,NA,NA,58
YEOVIL,Somerset,South West,England,82468,0.7185817529223456,59260,34588,3761,18407,NA,1629,NA,NA,NA,NA,NA,NA,NA,875
YNYS MON,Gwynedd,Wales,Wales,51925,0.7039383726528647,36552,12959,10991,NA,2184,NA,NA,10418,NA,NA,NA,NA,NA,NA
YORK CENTRAL,North Yorkshire,Yorkshire and The Humber,England,74899,0.6609567550968638,49505,13767,27312,4149,1479,2107,NA,NA,NA,NA,NA,NA,NA,691
YORK OUTER,North Yorkshire,Yorkshire and The Humber,England,74673,0.7411915953557511,55347,27324,17339,9992,NA,NA,NA,NA,NA,NA,NA,NA,NA,692
