Gene name	Accession Number	Gene CDS length	HGNC ID	Sample name	ID_sample	ID_tumour	Primary site	Site subtype 1	Site subtype 2	Site subtype 3	Primary histology	Histology subtype 1	Histology subtype 2	Histology subtype 3	Genome-wide screen	GENOMIC_MUTATION_ID	LEGACY_MUTATION_ID	MUTATION_ID	Mutation CDS	Mutation AA	Mutation Description	Mutation zygosity	LOH	GRCh	Mutation genome position	Mutation strand	SNP	Resistance Mutation	FATHMM prediction	FATHMM score	Mutation somatic status	Pubmed_PMID	ID_STUDY	Sample Type	Tumour origin	Age	HGVSP	HGVSC	HGVSG
CKAP2_ENST00000490903	ENST00000490903.5	1905	1990	SS6003320	2193473	2061751	oesophagus	NS	NS	NS	carcinoma	adenocarcinoma	NS	NS	y	COSV51624602	COSN8669202	135863958	c.1402+1908G>A	p.?	Unknown			38	13:52470255-52470255	+	n	-	NEUTRAL	.00078	Confirmed somatic variant		535	NS	NS			ENST00000490903.5:c.1402+1908G>A	13:g.52470255G>A
CKAP2_ENST00000490903	ENST00000490903.5	1905	1990	11-2A	2746105	2604808	large_intestine	NS	NS	NS	carcinoma	adenocarcinoma	NS	NS	y	COSV51620671	COSN23723139	135865952	c.1332+481_1332+482dup	p.?	Unknown			38	13:52465947-52465948	+	n	-			Confirmed somatic variant		646	NS	primary	48		ENST00000490903.5:c.1332+481_1332+482dup	13:g.52465946_52465947dup
CKAP2_ENST00000490903	ENST00000490903.5	1905	1990	PD11372a	1759830	1664463	breast	NS	NS	NS	carcinoma	ductal_carcinoma	NS	NS	y	COSV51621147	COSN22774489	135865314	c.12-437dup	p.?	Unknown			38	13:52460462-52460463	+	n	-			Confirmed somatic variant		652	NS	NS			ENST00000490903.5:c.12-437dup	13:g.52460462dup
CKAP2_ENST00000490903	ENST00000490903.5	1905	1990	TCGA-BH-A0C0-01	1779594	1683593	breast	NS	NS	NS	carcinoma	NS	NS	NS	y	COSV51621820	COSM432514	135863685	c.491C>A	p.P164H	Substitution - Missense			38	13:52461461-52461461	+	n	-		.61738	Confirmed somatic variant		414	fresh/frozen - NOS	primary	62	ENSP00000417830.1:p.Pro164His	ENST00000490903.5:c.491C>A	13:g.52461461C>A
CKAP2_ENST00000490903	ENST00000490903.5	1905	1990	CHC892T	2340454	2205437	liver	NS	NS	NS	carcinoma	hepatocellular_carcinoma	NS	NS	y	COSV51625132	COSM4795627	135863648	c.1434G>A	p.K478=	Substitution - coding silent			38	13:52473860-52473860	+	n	-	NEUTRAL	.08809	Confirmed somatic variant		381	NS	primary	72	ENSP00000417830.1:p.Lys478=	ENST00000490903.5:c.1434G>A	13:g.52473860G>A
CKAP2_ENST00000490903	ENST00000490903.5	1905	1990	PT08_2	2521254	2383598	skin	neck	NS	NS	carcinoma	basal_cell_carcinoma	NS	NS	y	COSV51621684	COSM5893718	135866052	c.8C>T	p.S3F	Substitution - Missense			38	13:52456604-52456604	+	n	-	NEUTRAL	.22699	Confirmed somatic variant	25759019		surgery fresh/frozen	recurrent		ENSP00000417830.1:p.Ser3Phe	ENST00000490903.5:c.8C>T	13:g.52456604C>T
CKAP2_ENST00000490903	ENST00000490903.5	1905	1990	TCGA-CA-6718-01	1651189	1565976	large_intestine	colon	ascending	NS	carcinoma	adenocarcinoma	NS	NS	y	COSV51621217	COSM1367479	135865484	c.1489A>C	p.K497Q	Substitution - Missense			38	13:52473915-52473915	+	n	-	NEUTRAL	.21651	Confirmed somatic variant	22810696	376	NS	NS	46	ENSP00000417830.1:p.Lys497Gln	ENST00000490903.5:c.1489A>C	13:g.52473915A>C
CKAP2_ENST00000490903	ENST00000490903.5	1905	1990	ML_106_T_01	2384202	2247034	skin	NS	NS	NS	carcinoma	NS	NS	NS	y	COSV51621134	COSN17979247	135863485	c.11+265T>G	p.?	Unknown			38	13:52456872-52456872	+	n	-	NEUTRAL	.03618	Confirmed somatic variant		656	NS	metastasis	54		ENST00000490903.5:c.11+265T>G	13:g.52456872T>G
CKAP2_ENST00000490903	ENST00000490903.5	1905	1990	11-2A	2746105	2604808	large_intestine	NS	NS	NS	carcinoma	adenocarcinoma	NS	NS	y	COSV51620679	COSN6410439	135864828	c.1332+502A>G	p.?	Unknown			38	13:52465967-52465967	+	y	-	NEUTRAL	.00507	Confirmed somatic variant		646	NS	primary	48		ENST00000490903.5:c.1332+502A>G	13:g.52465967A>G
CKAP2_ENST00000490903	ENST00000490903.5	1905	1990	5-2A	2746100	2604803	large_intestine	NS	NS	NS	carcinoma	adenocarcinoma	NS	NS	y	COSV51623376	COSN28840291	135864735	c.1402+49dup	p.?	Unknown			38	13:52468396-52468397	+	n	-			Confirmed somatic variant		646	NS	primary	51		ENST00000490903.5:c.1402+49dup	13:g.52468396dup
CKAP2_ENST00000490903	ENST00000490903.5	1905	1990	TCGA-19-5956-01	2178192	2046490	central_nervous_system	brain	NS	NS	glioma	astrocytoma_Grade_IV	glioblastoma_multiforme	NS	y	COSV99318371	COSM7476818	135864066	c.789G>T	p.K263N	Substitution - Missense			38	13:52461759-52461759	+	n	-	NEUTRAL	.09013	Confirmed somatic variant		329	NS	NS	53	ENSP00000417830.1:p.Lys263Asn	ENST00000490903.5:c.789G>T	13:g.52461759G>T
CKAP2_ENST00000490903	ENST00000490903.5	1905	1990	TCGA-97-7938-01	1914111	1802393	lung	right_upper_lobe	NS	NS	carcinoma	adenocarcinoma	NS	NS	y	COSV51620623	COSM6139038	135863940	c.1312G>A	p.A438T	Substitution - Missense			38	13:52465445-52465445	+	n	-	PATHOGENIC	.96061	Variant of unknown origin		417	fresh/frozen - NOS	primary	76	ENSP00000417830.1:p.Ala438Thr	ENST00000490903.5:c.1312G>A	13:g.52465445G>A
CKAP2_ENST00000490903	ENST00000490903.5	1905	1990	YUSCA	2439367	2302208	skin	NS	NS	NS	malignant_melanoma	NS	NS	NS	y	COSV51620714	COSM5376832	135865781	c.249A>T	p.L83=	Substitution - coding silent	het		38	13:52461219-52461219	+	n	-	NEUTRAL	.0375	Confirmed somatic variant	26214590		fresh/frozen - NOS	metastasis	84	ENSP00000417830.1:p.Leu83=	ENST00000490903.5:c.249A>T	13:g.52461219A>T
CKAP2_ENST00000490903	ENST00000490903.5	1905	1990	YUFERY	2439313	2302154	skin	NS	NS	NS	malignant_melanoma	NS	NS	NS	y	COSV51620833	COSM5376831	135864490	c.158C>T	p.P53L	Substitution - Missense	het		38	13:52461128-52461128	+	n	-	PATHOGENIC	.72503	Confirmed somatic variant	26214590		fresh/frozen - NOS	metastasis	89	ENSP00000417830.1:p.Pro53Leu	ENST00000490903.5:c.158C>T	13:g.52461128C>T
CKAP2_ENST00000490903	ENST00000490903.5	1905	1990	128	2748100	2606803	stomach	NS	NS	NS	carcinoma	NS	NS	NS	y	COSV99318139	COSM8564444	135865700	c.1669_1670del	p.K557Gfs*4	Deletion - Frameshift			38	13:52474905-52474906	+	n	-			Confirmed somatic variant		683	NS	primary		ENSP00000417830.1:p.Lys557GlyfsTer4	ENST00000490903.5:c.1669_1670del	13:g.52474905_52474906del
CKAP2_ENST00000490903	ENST00000490903.5	1905	1990	Pat_66_A	2492905	2355519	NS	NS	NS	NS	malignant_melanoma	NS	NS	NS	y	COSV51621163	COSM5842647	135864569	c.262C>T	p.P88S	Substitution - Missense			38	13:52461232-52461232	+	n	-	NEUTRAL	.02428	Confirmed somatic variant	24265153		surgery-fixed	NS	71	ENSP00000417830.1:p.Pro88Ser	ENST00000490903.5:c.262C>T	13:g.52461232C>T
CKAP2_ENST00000490903	ENST00000490903.5	1905	1990	TCGA-AG-3906-01	2386372	2249204	large_intestine	rectum	NS	NS	carcinoma	adenocarcinoma	NS	NS	y	COSV99318346	COSN30111293	135866756	c.1332+135G>T	p.?	Unknown			38	13:52465600-52465600	+	n	-	NEUTRAL	.03458	Confirmed somatic variant		375	NS	primary	67		ENST00000490903.5:c.1332+135G>T	13:g.52465600G>T
CKAP2_ENST00000490903	ENST00000490903.5	1905	1990	5-2A	2746100	2604803	large_intestine	NS	NS	NS	carcinoma	adenocarcinoma	NS	NS	y	COSV51624642	COSM7285230	135864724	c.283T>C	p.L95=	Substitution - coding silent			38	13:52461253-52461253	+	n	-	NEUTRAL	.43312	Confirmed somatic variant		646	NS	primary	51	ENSP00000417830.1:p.Leu95=	ENST00000490903.5:c.283T>C	13:g.52461253T>C
CKAP2_ENST00000490903	ENST00000490903.5	1905	1990	sysucc-311T	2456736	2319573	large_intestine	NS	NS	NS	carcinoma	adenocarcinoma	NS	NS	y	COSV51625367	COSM5478555	135865604	c.31A>C	p.T11P	Substitution - Missense			38	13:52460918-52460918	+	n	-	NEUTRAL	.07169	Confirmed somatic variant		646	NS	primary	54	ENSP00000417830.1:p.Thr11Pro	ENST00000490903.5:c.31A>C	13:g.52460918A>C
CKAP2_ENST00000490903	ENST00000490903.5	1905	1990	TCGA-GF-A6C9-06	2339468	2204451	skin	NS	NS	NS	malignant_melanoma	NS	NS	NS	y	COSV51624050	COSM4903181	135864069	c.1280C>T	p.P427L	Substitution - Missense			38	13:52465413-52465413	+	n	-	PATHOGENIC	.76814	Confirmed somatic variant		540	NS	NS	78	ENSP00000417830.1:p.Pro427Leu	ENST00000490903.5:c.1280C>T	13:g.52465413C>T
CKAP2_ENST00000490903	ENST00000490903.5	1905	1990	tumor_4160069	2634572	2494968	haematopoietic_and_lymphoid_tissue	NS	NS	NS	lymphoid_neoplasm	NS	NS	NS	y	COSV51621167	COSN25537536	135865635	c.12-1165T>C	p.?	Unknown			38	13:52459734-52459734	+	n	-	NEUTRAL	.00293	Confirmed somatic variant		440	NS	primary	51		ENST00000490903.5:c.12-1165T>C	13:g.52459734T>C
CKAP2_ENST00000490903	ENST00000490903.5	1905	1990	sysucc-311T	2456736	2319573	large_intestine	NS	NS	NS	carcinoma	adenocarcinoma	NS	NS	y	COSV51625377	COSN19735437	135865613	c.957-54A>G	p.?	Unknown			38	13:52462309-52462309	+	n	-	NEUTRAL	.00281	Confirmed somatic variant		646	NS	primary	54		ENST00000490903.5:c.957-54A>G	13:g.52462309A>G
CKAP2_ENST00000490903	ENST00000490903.5	1905	1990	TCGA-A6-6141-01	1650953	1565740	large_intestine	caecum	NS	NS	carcinoma	adenocarcinoma	NS	NS	y	COSV51623101	COSM1367482	135864508	c.1875C>T	p.C625=	Substitution - coding silent			38	13:52475111-52475111	+	n	-	NEUTRAL	.16769	Confirmed somatic variant	22810696	376	NS	NS	31	ENSP00000417830.1:p.Cys625=	ENST00000490903.5:c.1875C>T	13:g.52475111C>T
CKAP2_ENST00000490903	ENST00000490903.5	1905	1990	T2379	2658277	2518436	large_intestine	NS	NS	NS	carcinoma	adenocarcinoma	NS	NS	y	COSV51620730	COSM6629517	135865385	c.1871T>C	p.L624P	Substitution - Missense			38	13:52475107-52475107	+	n	-	PATHOGENIC	.78592	Confirmed somatic variant	27149842		NS	NS	67.16	ENSP00000417830.1:p.Leu624Pro	ENST00000490903.5:c.1871T>C	13:g.52475107T>C
CKAP2_ENST00000490903	ENST00000490903.5	1905	1990	tumor_4160069	2634572	2494968	haematopoietic_and_lymphoid_tissue	NS	NS	NS	lymphoid_neoplasm	NS	NS	NS	y	COSV51621182	COSN25537537	135865640	c.12-1163T>C	p.?	Unknown			38	13:52459736-52459736	+	n	-	NEUTRAL	.0171	Confirmed somatic variant		440	NS	primary	51		ENST00000490903.5:c.12-1163T>C	13:g.52459736T>C
CKAP2_ENST00000490903	ENST00000490903.5	1905	1990	TCGA-GC-A6I3-01	2385767	2248599	urinary_tract	bladder	NS	NS	carcinoma	NS	NS	NS	y	COSV51621659	COSM7125347	135864766	c.1570C>G	p.P524A	Substitution - Missense			38	13:52473996-52473996	+	n	-	NEUTRAL	.02076	Confirmed somatic variant		413	NS	primary	90	ENSP00000417830.1:p.Pro524Ala	ENST00000490903.5:c.1570C>G	13:g.52473996C>G
CKAP2_ENST00000490903	ENST00000490903.5	1905	1990	MSU4-a	2809973	2666635	large_intestine	colon	ascending	NS	adenoma	tubulovillous	high_grade_dysplasia	NS	y	COSV51620642	COSM252978	135863253	c.1670del	p.K557Rfs*14	Deletion - Frameshift			38	13:52474906-52474906	+	n	-			Confirmed somatic variant	26336987		surgery fresh/frozen	primary	76	ENSP00000417830.1:p.Lys557ArgfsTer14	ENST00000490903.5:c.1670del	13:g.52474906del
CKAP2_ENST00000490903	ENST00000490903.5	1905	1990	00-010L	2575126	2436463	prostate	NS	NS	NS	carcinoma	adenocarcinoma	NS	NS	y	COSV51620642	COSM252978	135863253	c.1670del	p.K557Rfs*14	Deletion - Frameshift			38	13:52474906-52474906	+	n	-			Confirmed somatic variant	26928463		autopsy - NOS	metastasis	84	ENSP00000417830.1:p.Lys557ArgfsTer14	ENST00000490903.5:c.1670del	13:g.52474906del
CKAP2_ENST00000490903	ENST00000490903.5	1905	1990	TCGA-D1-A16Y-01	1783519	1687518	endometrium	NS	NS	NS	carcinoma	endometrioid_carcinoma	NS	NS	y	COSV51622146	COSM948091	135865123	c.-59A>C	p.?	Unknown	het		38	13:52456538-52456538	+	n	-	PATHOGENIC	.80508	Variant of unknown origin		419	fresh/frozen - NOS	primary	56		ENST00000490903.5:c.-59A>C	13:g.52456538A>C
CKAP2_ENST00000490903	ENST00000490903.5	1905	1990	TCGA-S9-A6WN-01	2263420	2130404	central_nervous_system	brain	NS	NS	glioma	NS	NS	NS	y	COSV99318342	COSM8266271	135866742	c.181A>G	p.T61A	Substitution - Missense			38	13:52461151-52461151	+	n	-	NEUTRAL	.27135	Confirmed somatic variant		545	NS	primary	38	ENSP00000417830.1:p.Thr61Ala	ENST00000490903.5:c.181A>G	13:g.52461151A>G
CKAP2_ENST00000490903	ENST00000490903.5	1905	1990	GCTK_031_T	2747504	2606207	stomach	NS	NS	NS	carcinoma	NS	NS	NS	y	COSV99318137	COSN30685423	135865693	c.1332+184G>T	p.?	Unknown			38	13:52465649-52465649	+	n	-	NEUTRAL	.04605	Confirmed somatic variant		683	NS	primary			ENST00000490903.5:c.1332+184G>T	13:g.52465649G>T
CKAP2_ENST00000490903	ENST00000490903.5	1905	1990	C0063T	2197704	2065982	kidney	NS	NS	NS	NS	NS	NS	NS	y	COSV51622161	COSM4148892	135865134	c.703G>T	p.G235W	Substitution - Missense			38	13:52461673-52461673	+	n	-	NEUTRAL	.24215	Confirmed somatic variant		588	NS	NS		ENSP00000417830.1:p.Gly235Trp	ENST00000490903.5:c.703G>T	13:g.52461673G>T
CKAP2_ENST00000490903	ENST00000490903.5	1905	1990	CN-AML-CR-29-Dx	2341008	2205991	haematopoietic_and_lymphoid_tissue	NS	NS	NS	haematopoietic_neoplasm	acute_myeloid_leukaemia	NS	NS	y	COSV51621975	COSN19616034	135864075	c.957-100A>G	p.?	Unknown			38	13:52462263-52462263	+	y	-	NEUTRAL	.00102	Confirmed somatic variant		544	blood-bone marrow	primary	53		ENST00000490903.5:c.957-100A>G	13:g.52462263A>G
CKAP2_ENST00000490903	ENST00000490903.5	1905	1990	TCGA-AP-A059-01	1783335	1687334	endometrium	NS	NS	NS	carcinoma	endometrioid_carcinoma	NS	NS	y	COSV51624307	COSM948095	135866009	c.962G>A	p.R321H	Substitution - Missense	het		38	13:52462368-52462368	+	n	-	NEUTRAL	.41345	Variant of unknown origin		419	fresh/frozen - NOS	primary	69	ENSP00000417830.1:p.Arg321His	ENST00000490903.5:c.962G>A	13:g.52462368G>A
CKAP2_ENST00000490903	ENST00000490903.5	1905	1990	5-2A	2746100	2604803	large_intestine	NS	NS	NS	carcinoma	adenocarcinoma	NS	NS	y	COSV51624649	COSN28872761	135864728	c.1333-179C>T	p.?	Unknown			38	13:52468099-52468099	+	n	-	NEUTRAL	.00059	Confirmed somatic variant		646	NS	primary	51		ENST00000490903.5:c.1333-179C>T	13:g.52468099C>T
PUS1_ENST00000542167	ENST00000542167.2	1125	15508	TCGA-EE-A2A2-06	2121651	1995887	skin	NS	NS	NS	malignant_melanoma	NS	NS	NS	y	COSV59035159	COSM3458209	144663782	c.416C>T	p.S139F	Substitution - Missense			38	12:131941322-131941322	+	n	-	PATHOGENIC	.97933	Confirmed somatic variant		540	NS	NS	71	ENSP00000438948.1:p.Ser139Phe	ENST00000542167.2:c.416C>T	12:g.131941322C>T
PUS1_ENST00000542167	ENST00000542167.2	1125	15508	TCGA-G2-A2EF-01	1898121	1786805	urinary_tract	bladder	NS	NS	carcinoma	NS	NS	NS	y	COSV59035099	COSM1299137	144663310	c.1014G>C	p.L338=	Substitution - coding silent			38	12:131941920-131941920	+	n	-	NEUTRAL	.21482	Confirmed somatic variant		413	fresh/frozen - NOS	primary	50	ENSP00000438948.1:p.Leu338=	ENST00000542167.2:c.1014G>C	12:g.131941920G>C
PUS1_ENST00000542167	ENST00000542167.2	1125	15508	TCGA-G2-A2EF-01	1898121	1786805	urinary_tract	bladder	NS	NS	carcinoma	NS	NS	NS	y	COSV59035090	COSM1299136	144663309	c.684G>C	p.V228=	Substitution - coding silent			38	12:131941590-131941590	+	n	-	PATHOGENIC	.83285	Confirmed somatic variant		413	fresh/frozen - NOS	primary	50	ENSP00000438948.1:p.Val228=	ENST00000542167.2:c.684G>C	12:g.131941590G>C
PUS1_ENST00000542167	ENST00000542167.2	1125	15508	CHC892T	2340454	2205437	liver	NS	NS	NS	carcinoma	hepatocellular_carcinoma	NS	NS	y	COSV59036767	COSM4795252	144663323	c.534G>A	p.Q178=	Substitution - coding silent			38	12:131941440-131941440	+	n	-	NEUTRAL	.17109	Confirmed somatic variant		381	NS	primary	72	ENSP00000438948.1:p.Gln178=	ENST00000542167.2:c.534G>A	12:g.131941440G>A
PUS1_ENST00000542167	ENST00000542167.2	1125	15508	TCGA-5M-AAT6-01	2457450	2320287	large_intestine	colon	NS	NS	carcinoma	adenocarcinoma	NS	NS	y	COSV100435243	COSM7611765	144664640	c.-517+234G>A	p.?	Unknown			38	12:131929746-131929746	+	n	-	NEUTRAL	.11242	Confirmed somatic variant	22810696	376	NS	primary	40		ENST00000542167.2:c.-517+234G>A	12:g.131929746G>A
PUS1_ENST00000542167	ENST00000542167.2	1125	15508	TCGA-EA-A3HS-01	2193320	2061598	cervix	NS	NS	NS	carcinoma	squamous_cell_carcinoma	NS	NS	y	COSV100435310	COSM8639962	144664256	c.1093G>A	p.E365K	Substitution - Missense			38	12:131943554-131943554	+	n	-	NEUTRAL	.1442	Confirmed somatic variant		415	NS	NS	35	ENSP00000438948.1:p.Glu365Lys	ENST00000542167.2:c.1093G>A	12:g.131943554G>A
PUS1_ENST00000542167	ENST00000542167.2	1125	15508	TCGA-AP-A1DP-01	2198417	2066695	endometrium	NS	NS	NS	carcinoma	endometrioid_carcinoma	NS	NS	y	COSV100435214	COSM8992380	144663670	c.485G>T	p.R162L	Substitution - Missense			38	12:131941391-131941391	+	n	-	NEUTRAL	.26133	Confirmed somatic variant		419	NS	NS	70	ENSP00000438948.1:p.Arg162Leu	ENST00000542167.2:c.485G>T	12:g.131941391G>T
PUS1_ENST00000542167	ENST00000542167.2	1125	15508	TCGA-AP-A059-01	1783335	1687334	endometrium	NS	NS	NS	carcinoma	endometrioid_carcinoma	NS	NS	y	COSV59036476	COSM937133	144664246	c.980C>T	p.T327I	Substitution - Missense	het		38	12:131941886-131941886	+	n	-	PATHOGENIC	.96776	Variant of unknown origin		419	fresh/frozen - NOS	primary	69	ENSP00000438948.1:p.Thr327Ile	ENST00000542167.2:c.980C>T	12:g.131941886C>T
PUS1_ENST00000542167	ENST00000542167.2	1125	15508	YUFOLD	2013609	1896241	skin	NS	NS	NS	malignant_melanoma	NS	NS	NS	y	COSV59035518	COSM1686689	144663998	c.283-2A>T	p.?	Unknown			38	12:131939171-131939171	+	n	-	PATHOGENIC	.98741	Confirmed somatic variant	22842228		NS	NS			ENST00000542167.2:c.283-2A>T	12:g.131939171A>T
PUS1_ENST00000542167	ENST00000542167.2	1125	15508	T2269	2296107	2161710	large_intestine	colon	descending	NS	carcinoma	adenocarcinoma	NS	NS	y	COSV59036128	COSM4719484	144664156	c.515G>A	p.S172N	Substitution - Missense			38	12:131941421-131941421	+	n	-		.58859	Confirmed somatic variant	25344691		NS	NS	73	ENSP00000438948.1:p.Ser172Asn	ENST00000542167.2:c.515G>A	12:g.131941421G>A
PUS1_ENST00000542167	ENST00000542167.2	1125	15508	TCGA-AP-A059-01	1783335	1687334	endometrium	NS	NS	NS	carcinoma	endometrioid_carcinoma	NS	NS	y	COSV59035406	COSN13380411	144663458	c.-517+200G>A	p.?	Unknown			38	12:131929712-131929712	+	n	-	NEUTRAL	.01877	Confirmed somatic variant		419	fresh/frozen - NOS	primary	69		ENST00000542167.2:c.-517+200G>A	12:g.131929712G>A
PUS1_ENST00000542167	ENST00000542167.2	1125	15508	CHC2113T	2339628	2204611	liver	NS	NS	NS	carcinoma	hepatocellular_carcinoma	NS	NS	y	COSV59035375	COSN24915053	144664260	c.283-1304T>G	p.?	Unknown			38	12:131937869-131937869	+	n	-	NEUTRAL	.0339	Confirmed somatic variant		381	NS	primary	61		ENST00000542167.2:c.283-1304T>G	12:g.131937869T>G
PUS1_ENST00000542167	ENST00000542167.2	1125	15508	TCGA-HU-A4GN-01	2198035	2066313	stomach	NS	NS	NS	carcinoma	adenocarcinoma	NS	NS	y	COSV59035173	COSM4040223	144663765	c.603G>A	p.P201=	Substitution - coding silent			38	12:131941509-131941509	+	n	-	NEUTRAL	.09789	Confirmed somatic variant		541	NS	NS	61	ENSP00000438948.1:p.Pro201=	ENST00000542167.2:c.603G>A	12:g.131941509G>A
PUS1_ENST00000542167	ENST00000542167.2	1125	15508	MSU4-a	2809973	2666635	large_intestine	colon	ascending	NS	adenoma	tubulovillous	high_grade_dysplasia	NS	y	COSV59036490	COSM6760392	144663440	c.473C>T	p.A158V	Substitution - Missense			38	12:131941379-131941379	+	n	-	PATHOGENIC	.97234	Confirmed somatic variant	26336987		surgery fresh/frozen	primary	76	ENSP00000438948.1:p.Ala158Val	ENST00000542167.2:c.473C>T	12:g.131941379C>T
PUS1_ENST00000542167	ENST00000542167.2	1125	15508	TCGA-B5-A11E-01	1783399	1687398	endometrium	NS	NS	NS	carcinoma	endometrioid_carcinoma	NS	NS	y	COSV59035074	COSM937134	144663304	c.1111G>A	p.G371R	Substitution - Missense	het		38	12:131943572-131943572	+	n	-		.68762	Variant of unknown origin		419	fresh/frozen - NOS	primary	53	ENSP00000438948.1:p.Gly371Arg	ENST00000542167.2:c.1111G>A	12:g.131943572G>A
PUS1_ENST00000542167	ENST00000542167.2	1125	15508	RK288_C01	2340466	2205449	liver	NS	NS	NS	carcinoma	NS	NS	NS	y	COSV59036813	COSN15828142	144663799	c.283-835G>T	p.?	Unknown			38	12:131938338-131938338	+	n	-	NEUTRAL	.02162	Confirmed somatic variant		322	NS	primary	75		ENST00000542167.2:c.283-835G>T	12:g.131938338G>T
PUS1_ENST00000542167	ENST00000542167.2	1125	15508	ESO-1060	1890880	1780249	oesophagus	NS	NS	NS	carcinoma	adenocarcinoma	NS	NS	y	COSV59035181	COSM1263579	144663773	c.724C>T	p.R242W	Substitution - Missense			38	12:131941630-131941630	+	n	-	PATHOGENIC	.83979	Reported in another cancer sample as somatic	23525077		surgery fresh/frozen	primary	78	ENSP00000438948.1:p.Arg242Trp	ENST00000542167.2:c.724C>T	12:g.131941630C>T
PUS1_ENST00000542167	ENST00000542167.2	1125	15508	88	2748060	2606763	stomach	NS	NS	NS	carcinoma	NS	NS	NS	y	COSV100435224	COSM8521326	144664666	c.-517+450dup	p.?	Unknown			38	12:131929962-131929963	+	n	-			Confirmed somatic variant		683	NS	primary			ENST00000542167.2:c.-517+450dup	12:g.131929962dup
PUS1_ENST00000542167	ENST00000542167.2	1125	15508	sysucc-311T	2456736	2319573	large_intestine	NS	NS	NS	carcinoma	adenocarcinoma	NS	NS	y	COSV59036919	COSN19734771	144664484	c.97G>A	p.D33N	Substitution - Missense			38	12:131932127-131932127	+	y	-	NEUTRAL	.03799	Confirmed somatic variant		646	NS	primary	54	ENSP00000438948.1:p.Asp33Asn	ENST00000542167.2:c.97G>A	12:g.131932127G>A
PUS1_ENST00000542167	ENST00000542167.2	1125	15508	T683	2658317	2518476	large_intestine	NS	NS	NS	carcinoma	adenocarcinoma	NS	NS	y	COSV59035616	COSM6760395	144664105	c.710T>C	p.M237T	Substitution - Missense			38	12:131941616-131941616	+	n	-	PATHOGENIC	.99291	Confirmed somatic variant	27149842		NS	NS	60.41	ENSP00000438948.1:p.Met237Thr	ENST00000542167.2:c.710T>C	12:g.131941616T>C
PUS1_ENST00000542167	ENST00000542167.2	1125	15508	TCGA-S5-A6DX-01	2339521	2204504	urinary_tract	bladder	NS	NS	carcinoma	NS	NS	NS	y	COSV59035736	COSM7147883	144664436	c.-517+226C>T	p.?	Unknown			38	12:131929738-131929738	+	n	-	NEUTRAL	.12347	Confirmed somatic variant		413	NS	primary	83		ENST00000542167.2:c.-517+226C>T	12:g.131929738C>T
PUS1_ENST00000542167	ENST00000542167.2	1125	15508	T3549	2658532	2518691	large_intestine	NS	NS	NS	carcinoma	adenocarcinoma	NS	NS	y	COSV59035181	COSM1263579	144663773	c.724C>T	p.R242W	Substitution - Missense			38	12:131941630-131941630	+	n	-	PATHOGENIC	.83979	Confirmed somatic variant	27149842		NS	NS	87.91	ENSP00000438948.1:p.Arg242Trp	ENST00000542167.2:c.724C>T	12:g.131941630C>T
PUS1_ENST00000542167	ENST00000542167.2	1125	15508	T2367	2658708	2518867	large_intestine	NS	NS	NS	carcinoma	adenocarcinoma	NS	NS	y	COSV59035065	COSM2228986	144663532	c.567G>A	p.T189=	Substitution - coding silent			38	12:131941473-131941473	+	n	-	NEUTRAL	.11118	Confirmed somatic variant	27149842		NS	NS	66.25	ENSP00000438948.1:p.Thr189=	ENST00000542167.2:c.567G>A	12:g.131941473G>A
PUS1_ENST00000542167	ENST00000542167.2	1125	15508	TCGA-EB-A41A-01	2121595	1995831	skin	NS	NS	NS	malignant_melanoma	NS	NS	NS	y	COSV59035529	COSM430754	144663252	c.610C>T	p.P204S	Substitution - Missense			38	12:131941516-131941516	+	n	-	PATHOGENIC	.92318	Confirmed somatic variant		540	NS	NS	90	ENSP00000438948.1:p.Pro204Ser	ENST00000542167.2:c.610C>T	12:g.131941516C>T
PUS1_ENST00000542167	ENST00000542167.2	1125	15508	PCSI_0083_Pa_P_526	2197226	2065504	pancreas	NS	NS	NS	carcinoma	ductal_carcinoma	NS	NS	y	COSV59036502	COSN7611711	144664575	c.1077+719G>A	p.?	Unknown			38	12:131942702-131942702	+	n	-	NEUTRAL	.01946	Confirmed somatic variant		382	NS	NS			ENST00000542167.2:c.1077+719G>A	12:g.131942702G>A
PUS1_ENST00000542167	ENST00000542167.2	1125	15508	GCTK_520_T	2747495	2606198	stomach	NS	NS	NS	carcinoma	NS	NS	NS	y	COSV100435196	COSM8624980	144664235	c.-517+455_-517+467del	p.?	Unknown			38	12:131929967-131929979	+	n	-			Confirmed somatic variant		683	NS	primary			ENST00000542167.2:c.-517+455_-517+467del	12:g.131929967_131929979del
PUS1_ENST00000542167	ENST00000542167.2	1125	15508	TCGA-QG-A5Z2-01	2193445	2061723	large_intestine	colon	NS	NS	carcinoma	adenocarcinoma	NS	NS	y	COSV59036252	COSM5187089	144663710	c.202G>A	p.V68I	Substitution - Missense			38	12:131932232-131932232	+	n	-	PATHOGENIC	.92511	Confirmed somatic variant	22810696	376	NS	NS	61	ENSP00000438948.1:p.Val68Ile	ENST00000542167.2:c.202G>A	12:g.131932232G>A
PUS1_ENST00000542167	ENST00000542167.2	1125	15508	W43T	2745060	2603763	thyroid	NS	NS	NS	carcinoma	NS	NS	NS	y	COSV59035900	COSM6388839	144663755	c.376C>T	p.R126W	Substitution - Missense			38	12:131939266-131939266	+	n	-	PATHOGENIC	.85069	Confirmed somatic variant		676	NS	primary	49	ENSP00000438948.1:p.Arg126Trp	ENST00000542167.2:c.376C>T	12:g.131939266C>T
PUS1_ENST00000542167	ENST00000542167.2	1125	15508	TCGA-EE-A184-06	2121625	1995861	skin	NS	NS	NS	malignant_melanoma	NS	NS	NS	y	COSV100435120	COSM7994711	144664382	c.952G>T	p.E318*	Substitution - Nonsense			38	12:131941858-131941858	+	n	-	PATHOGENIC	.76365	Confirmed somatic variant		540	NS	NS	72	ENSP00000438948.1:p.Glu318Ter	ENST00000542167.2:c.952G>T	12:g.131941858G>T
PUS1_ENST00000542167	ENST00000542167.2	1125	15508	NYZ-1300518T	2633893	2494289	stomach	NS	NS	NS	carcinoma	NS	NS	NS	y	COSV59035923	COSN24579451	144663688	c.282+263C>T	p.?	Unknown			38	12:131932575-131932575	+	n	-	NEUTRAL	.02694	Confirmed somatic variant		371	NS	primary	64		ENST00000542167.2:c.282+263C>T	12:g.131932575C>T
PUS1_ENST00000542167	ENST00000542167.2	1125	15508	MSU2-c	2809979	2666641	large_intestine	caecum	NS	NS	carcinoma	adenocarcinoma	NS	NS	y	COSV59036292	COSM1222757	144663412	c.985C>T	p.R329W	Substitution - Missense			38	12:131941891-131941891	+	n	-	NEUTRAL	.46119	Confirmed somatic variant	26336987		surgery fresh/frozen	primary	66	ENSP00000438948.1:p.Arg329Trp	ENST00000542167.2:c.985C>T	12:g.131941891C>T
PUS1_ENST00000542167	ENST00000542167.2	1125	15508	PD6729a2	1785486	1425884	breast	NS	NS	NS	carcinoma	ductal_carcinoma	NS	NS	y	COSV59035082	COSN22435369	144663306	c.-516-964G>A	p.?	Unknown			38	12:131930551-131930551	+	n	-	NEUTRAL	.03672	Confirmed somatic variant		652	NS	primary			ENST00000542167.2:c.-516-964G>A	12:g.131930551G>A
PUS1_ENST00000542167	ENST00000542167.2	1125	15508	ASHPC_0022_Pa_P	2340084	2205067	pancreas	NS	NS	NS	carcinoma	ductal_carcinoma	NS	NS	y	COSV59035384	COSN16634015	144664264	c.283-2239A>G	p.?	Unknown			38	12:131936934-131936934	+	n	-	NEUTRAL	.00874	Confirmed somatic variant		382	NS	primary	40		ENST00000542167.2:c.283-2239A>G	12:g.131936934A>G
PUS1_ENST00000542167	ENST00000542167.2	1125	15508	TCGA-A6-5665-01	1650947	1565734	large_intestine	colon	ascending	NS	carcinoma	adenocarcinoma	NS	NS	y	COSV59035071	COSN18132865	144664728	c.386-45G>A	p.?	Unknown			38	12:131941247-131941247	+	n	-	NEUTRAL	.05073	Confirmed somatic variant	22810696	376	NS	NS	84		ENST00000542167.2:c.386-45G>A	12:g.131941247G>A
PUS1_ENST00000542167	ENST00000542167.2	1125	15508	TCGA-96-A4JK-01	2195133	2063411	lung	NS	NS	NS	carcinoma	squamous_cell_carcinoma	NS	NS	y	COSV100435294	COSM8691911	144663749	c.-517+541A>G	p.?	Unknown			38	12:131930053-131930053	+	n	-	NEUTRAL	.08947	Confirmed somatic variant		418	NS	NS	65		ENST00000542167.2:c.-517+541A>G	12:g.131930053A>G
HFE_ENST00000461397	ENST00000461397.5	1005	4886	TCGA-AX-A2HF-01	1783382	1687381	endometrium	NS	NS	NS	carcinoma	endometrioid_carcinoma	NS	NS	y	COSV58512365	COSM1076696	129658642	c.776C>T	p.P259L	Substitution - Missense			38	6:26092886-26092886	+	n	-	NEUTRAL	.04348	Confirmed somatic variant		419	fresh/frozen - NOS	primary	67	ENSP00000420802.1:p.Pro259Leu	ENST00000461397.5:c.776C>T	6:g.26092886C>T
HFE_ENST00000461397	ENST00000461397.5	1005	4886	GCYC_070_T	2747651	2606354	stomach	NS	NS	NS	carcinoma	NS	NS	NS	y	COSV100352727	COSM8530510	129658417	c.861G>A	p.P287=	Substitution - coding silent			38	6:26093129-26093129	+	n	-	NEUTRAL	.01922	Confirmed somatic variant		683	NS	primary		ENSP00000420802.1:p.Pro287=	ENST00000461397.5:c.861G>A	6:g.26093129G>A
HFE_ENST00000461397	ENST00000461397.5	1005	4886	CHG-13-29153T	2634325	2494721	liver	NS	NS	NS	other	neoplasm	NS	NS	y	COSV58513814	COSM6319645	129658073	c.230G>T	p.S77I	Substitution - Missense			38	6:26090994-26090994	+	n	-	NEUTRAL	.04095	Confirmed somatic variant		660	NS	primary	49	ENSP00000420802.1:p.Ser77Ile	ENST00000461397.5:c.230G>T	6:g.26090994G>T
HFE_ENST00000461397	ENST00000461397.5	1005	4886	XG16	2809776	2666446	haematopoietic_and_lymphoid_tissue	NS	NS	NS	lymphoid_neoplasm	plasma_cell_myeloma	NS	NS	y	COSV100352747	COSM9156200	129657523	c.113C>T	p.S38L	Substitution - Missense	het		38	6:26090877-26090877	+	n	-		.68596	Variant of unknown origin	30545397		cell-line	NS		ENSP00000420802.1:p.Ser38Leu	ENST00000461397.5:c.113C>T	6:g.26090877C>T
HFE_ENST00000461397	ENST00000461397.5	1005	4886	TCGA-DI-A0WH-01	1783540	1687539	endometrium	NS	NS	NS	carcinoma	endometrioid_carcinoma	NS	NS	y	COSV58513082	COSM1076695	129657776	c.737G>T	p.G246V	Substitution - Missense			38	6:26092847-26092847	+	n	-	PATHOGENIC	.88819	Confirmed somatic variant		419	fresh/frozen - NOS	primary	64	ENSP00000420802.1:p.Gly246Val	ENST00000461397.5:c.737G>T	6:g.26092847G>T
HFE_ENST00000461397	ENST00000461397.5	1005	4886	5-2A	2746100	2604803	large_intestine	NS	NS	NS	carcinoma	adenocarcinoma	NS	NS	y	COSV58514048	COSM7283954	129657603	c.426G>A	p.G142=	Substitution - coding silent			38	6:26091399-26091399	+	n	-	NEUTRAL	.02283	Confirmed somatic variant		646	NS	primary	51	ENSP00000420802.1:p.Gly142=	ENST00000461397.5:c.426G>A	6:g.26091399G>A
HFE_ENST00000461397	ENST00000461397.5	1005	4886	2014_Lung_sq_27_T	2744898	2603601	lung	NS	NS	NS	carcinoma	NS	NS	NS	y	COSV58513169	COSM3761737	129657472	c.187C>G	p.H63D	Substitution - Missense			38	6:26090951-26090951	+	y	-	NEUTRAL	.07898	Confirmed somatic variant		583	NS	primary	76	ENSP00000420802.1:p.His63Asp	ENST00000461397.5:c.187C>G	6:g.26090951C>G
HFE_ENST00000461397	ENST00000461397.5	1005	4886	TCGA-W3-AA1O-06	2339481	2204464	skin	NS	NS	NS	malignant_melanoma	NS	NS	NS	y	COSV100352673	COSM8135441	129658522	c.508G>A	p.E170K	Substitution - Missense			38	6:26091481-26091481	+	n	-		.69369	Confirmed somatic variant		540	NS	NS	85	ENSP00000420802.1:p.Glu170Lys	ENST00000461397.5:c.508G>A	6:g.26091481G>A
HFE_ENST00000461397	ENST00000461397.5	1005	4886	CPCG0355-F1	2339925	2204908	prostate	NS	NS	NS	carcinoma	adenocarcinoma	NS	NS	y	COSV58512406	COSN16229878	129658566	c.76+1414G>A	p.?	Unknown			38	6:26088930-26088930	+	n	-	NEUTRAL	.0096	Confirmed somatic variant		537	NS	primary			ENST00000461397.5:c.76+1414G>A	6:g.26088930G>A
HFE_ENST00000461397	ENST00000461397.5	1005	4886	PD22355a	2199768	2068046	breast	NS	NS	NS	carcinoma	ductal_carcinoma	NS	NS	y	COSV58513404	COSN20817849	129658512	c.76+271A>T	p.?	Unknown			38	6:26087787-26087787	+	n	-	NEUTRAL	.01863	Confirmed somatic variant		652	NS	NS			ENST00000461397.5:c.76+271A>T	6:g.26087787A>T
HFE_ENST00000461397	ENST00000461397.5	1005	4886	AOCS-145-1-6	2196314	2064592	ovary	NS	NS	NS	carcinoma	mixed_adenosquamous_carcinoma	NS	NS	y	COSV58513284	COSN9778547	129657078	c.77-524C>A	p.?	Unknown			38	6:26090317-26090317	+	n	-	NEUTRAL	.00326	Confirmed somatic variant		585	NS	NS			ENST00000461397.5:c.77-524C>A	6:g.26090317C>A
HFE_ENST00000461397	ENST00000461397.5	1005	4886	LFS_MB2	1652861	1567648	central_nervous_system	brain	NS	NS	primitive_neuroectodermal_tumour-medulloblastoma	large_cell	NS	NS	y	COSV58513335	COSN397569	129657508	c.616+48A>G	p.?	Unknown	het		38	6:26091637-26091637	+	n	-	NEUTRAL	.01002	Confirmed somatic variant		379	fresh/frozen - NOS	primary	14		ENST00000461397.5:c.616+48A>G	6:g.26091637A>G
HFE_ENST00000461397	ENST00000461397.5	1005	4886	AOCS-096-1-7	2196310	2064588	ovary	NS	NS	NS	carcinoma	mixed_adenosquamous_carcinoma	NS	NS	y	COSV58513028	COSN9778546	129657479	c.77-526C>T	p.?	Unknown			38	6:26090315-26090315	+	n	-	NEUTRAL	.00013	Confirmed somatic variant		585	NS	NS			ENST00000461397.5:c.77-526C>T	6:g.26090315C>T
HFE_ENST00000461397	ENST00000461397.5	1005	4886	S00827	1759193	1663941	lung	NS	NS	NS	carcinoma	small_cell_carcinoma	NS	NS	y	COSV58513505	COSM311759	129657564	c.493A>G	p.T165A	Substitution - Missense			38	6:26091466-26091466	+	n	-	PATHOGENIC	.97383	Reported in another cancer sample as somatic	22941188		fresh/frozen - NOS	NS	73	ENSP00000420802.1:p.Thr165Ala	ENST00000461397.5:c.493A>G	6:g.26091466A>G
HFE_ENST00000461397	ENST00000461397.5	1005	4886	TCGA-DI-A0WH-01	1783540	1687539	endometrium	NS	NS	NS	carcinoma	endometrioid_carcinoma	NS	NS	y	COSV58513090	COSM1076697	129657778	c.970G>A	p.A324T	Substitution - Missense			38	6:26094191-26094191	+	n	-	NEUTRAL	.02612	Confirmed somatic variant		419	fresh/frozen - NOS	primary	64	ENSP00000420802.1:p.Ala324Thr	ENST00000461397.5:c.970G>A	6:g.26094191G>A
HFE_ENST00000461397	ENST00000461397.5	1005	4886	TCGA-BR-8372-01	2198045	2066323	stomach	NS	NS	NS	carcinoma	adenocarcinoma	NS	NS	y	COSV58512827	COSM3860895	129658954	c.800C>T	p.T267M	Substitution - Missense			38	6:26092910-26092910	+	n	-	NEUTRAL	.0378	Confirmed somatic variant		541	NS	NS	63	ENSP00000420802.1:p.Thr267Met	ENST00000461397.5:c.800C>T	6:g.26092910C>T
HFE_ENST00000461397	ENST00000461397.5	1005	4886	THCC_12-12T	2746736	2605439	liver	NS	NS	NS	other	neoplasm	NS	NS	y	COSV58512711	COSN28190707	129658139	c.617-187A>G	p.?	Unknown			38	6:26092540-26092540	+	n	-	NEUTRAL	.06035	Confirmed somatic variant		323	NS	primary	65		ENST00000461397.5:c.617-187A>G	6:g.26092540A>G
HFE_ENST00000461397	ENST00000461397.5	1005	4886	EXTERN_MELA_20140924_047	2839476	2695242	skin	scalp	NS	NS	malignant_melanoma	NS	NS	NS	y	COSV104618689	COSM9293924	129657903	c.634C>T	p.R212W	Substitution - Missense			38	6:26092744-26092744	+	n	-		.59691	Confirmed somatic variant	28467829		surgery fresh/frozen	metastasis		ENSP00000420802.1:p.Arg212Trp	ENST00000461397.5:c.634C>T	6:g.26092744C>T
HFE_ENST00000461397	ENST00000461397.5	1005	4886	8062308	2121224	1995460	pancreas	NS	NS	NS	carcinoma	ductal_carcinoma	NS	NS	y	COSV58514141	COSN7868716	129658003	c.851-32T>C	p.?	Unknown			38	6:26093087-26093087	+	n	-	NEUTRAL	.08172	Confirmed somatic variant		328	NS	NS			ENST00000461397.5:c.851-32T>C	6:g.26093087T>C
HFE_ENST00000461397	ENST00000461397.5	1005	4886	TCGA-33-4586-01	1781125	1685124	lung	NS	NS	NS	carcinoma	squamous_cell_carcinoma	NS	NS	y	COSV58513550	COSM740910	129657623	c.682G>T	p.D228Y	Substitution - Missense			38	6:26092792-26092792	+	n	-	PATHOGENIC	.88535	Confirmed somatic variant		418	fresh/frozen - NOS	primary	57	ENSP00000420802.1:p.Asp228Tyr	ENST00000461397.5:c.682G>T	6:g.26092792G>T
HFE_ENST00000461397	ENST00000461397.5	1005	4886	WGC074454	2549407	2410862	large_intestine	NS	NS	NS	carcinoma	adenocarcinoma	NS	NS	y	COSV58513731	COSM7276529	129657516	c.940A>G	p.I314V	Substitution - Missense			38	6:26093208-26093208	+	n	-	NEUTRAL	.05933	Confirmed somatic variant		646	NS	primary	27	ENSP00000420802.1:p.Ile314Val	ENST00000461397.5:c.940A>G	6:g.26093208A>G
HFE_ENST00000461397	ENST00000461397.5	1005	4886	HCC21T	1566741	1488548	liver	NS	NS	NS	carcinoma	hepatocellular_carcinoma	NS	NS	n	COSV58513855	COSM1621277	129657148	c.973A>G	p.M325V	Substitution - Missense	het		38	6:26094194-26094194	+	n	-	NEUTRAL	.01341	Reported in another cancer sample as somatic		323	surgery fresh/frozen	primary	70	ENSP00000420802.1:p.Met325Val	ENST00000461397.5:c.973A>G	6:g.26094194A>G
HFE_ENST00000461397	ENST00000461397.5	1005	4886	TCGA-AJ-A2QO-01	2198483	2066761	endometrium	NS	NS	NS	carcinoma	endometrioid_carcinoma	NS	NS	y	COSV58513571	COSM2857731	129657088	c.860C>T	p.P287L	Substitution - Missense			38	6:26093128-26093128	+	n	-	NEUTRAL	.00259	Confirmed somatic variant		419	NS	NS	85	ENSP00000420802.1:p.Pro287Leu	ENST00000461397.5:c.860C>T	6:g.26093128C>T
HFE_ENST00000461397	ENST00000461397.5	1005	4886	TCGA-ER-A19E-06	2121716	1995952	skin	NS	NS	NS	malignant_melanoma	NS	NS	NS	y	COSV58513498	COSM3623446	129658399	c.227C>T	p.S76F	Substitution - Missense			38	6:26090991-26090991	+	n	-	NEUTRAL	.01106	Confirmed somatic variant		540	NS	NS	36	ENSP00000420802.1:p.Ser76Phe	ENST00000461397.5:c.227C>T	6:g.26090991C>T
HFE_ENST00000461397	ENST00000461397.5	1005	4886	TCGA-AX-A2HD-01	2198411	2066689	endometrium	NS	NS	NS	carcinoma	endometrioid_carcinoma	NS	NS	y	COSV100352589	COSM9036381	129658084	c.514C>T	p.H172Y	Substitution - Missense			38	6:26091487-26091487	+	n	-	NEUTRAL	.05419	Confirmed somatic variant		419	NS	NS	69	ENSP00000420802.1:p.His172Tyr	ENST00000461397.5:c.514C>T	6:g.26091487C>T
HFE_ENST00000461397	ENST00000461397.5	1005	4886	TCGA-AG-3892-01	1651564	1566351	large_intestine	rectum	NS	NS	carcinoma	adenocarcinoma	NS	NS	y	COSV58512665	COSM257111	129657295	c.212G>A	p.R71Q	Substitution - Missense			38	6:26090976-26090976	+	n	-	NEUTRAL	.13222	Confirmed somatic variant	22810696	375	NS	primary	57	ENSP00000420802.1:p.Arg71Gln	ENST00000461397.5:c.212G>A	6:g.26090976G>A
HFE_ENST00000461397	ENST00000461397.5	1005	4886	HCT8	2301980	2167263	large_intestine	NS	NS	NS	carcinoma	adenocarcinoma	NS	NS	y	COSV58513696	COSM2857715	129657468	c.129T>C	p.G43=	Substitution - coding silent	het		38	6:26090893-26090893	+	n	-	NEUTRAL	.1025	Variant of unknown origin	24755471		cell-line	NS		ENSP00000420802.1:p.Gly43=	ENST00000461397.5:c.129T>C	6:g.26090893T>C
HFE_ENST00000461397	ENST00000461397.5	1005	4886	TCGA-24-1927-01	2196419	2064697	ovary	NS	NS	NS	carcinoma	serous_carcinoma	NS	NS	y	COSV58512658	COSM320803	129657166	c.881G>T	p.G294V	Substitution - Missense			38	6:26093149-26093149	+	n	-	NEUTRAL	.46128	Confirmed somatic variant		331	NS	NS	59	ENSP00000420802.1:p.Gly294Val	ENST00000461397.5:c.881G>T	6:g.26093149G>T
HFE_ENST00000461397	ENST00000461397.5	1005	4886	TCGA-24-1927-01	2196419	2064697	ovary	NS	NS	NS	carcinoma	serous_carcinoma	NS	NS	y	COSV58512658	COSM320803	129657166	c.881G>T	p.G294V	Substitution - Missense			38	6:26093149-26093149	+	n	-	NEUTRAL	.46128	Confirmed somatic variant	21720365	331	NS	NS	59	ENSP00000420802.1:p.Gly294Val	ENST00000461397.5:c.881G>T	6:g.26093149G>T
